date_key,year,month,quarter,day_of_week,day_type
20150101,2015,1,1,4,Weekday
20150102,2015,1,1,5,Weekday
20150103,2015,1,1,6,Weekend
20150104,2015,1,1,7,Weekend
20150105,2015,1,1,1,Weekday
20150106,2015,1,1,2,Weekday
20150107,2015,1,1,3,Weekday
20150108,2015,1,1,4,Weekday
20150109,2015,1,1,5,Weekday
20150110,2015,1,1,6,Weekend
20150111,2015,1,1,7,Weekend
20150112,2015,1,1,1,Weekday
20150113,2015,1,1,2,Weekday
20150114,2015,1,1,3,Weekday
20150115,2015,1,1,4,Weekday
20150116,2015,1,1,5,Weekday
20150117,2015,1,1,6,Weekend
20150118,2015,1,1,7,Weekend
20150119,2015,1,1,1,Weekday
20150120,2015,1,1,2,Weekday
20150121,2015,1,1,3,Weekday
20150122,2015,1,1,4,Weekday
20150123,2015,1,1,5,Weekday
20150124,2015,1,1,6,Weekend
20150125,2015,1,1,7,Weekend
20150126,2015,1,1,1,Weekday
20150127,2015,1,1,2,Weekday
20150128,2015,1,1,3,Weekday
20150129,2015,1,1,4,Weekday
20150130,2015,1,1,5,Weekday
20150131,2015,1,1,6,Weekend
20150201,2015,2,1,7,Weekend
20150202,2015,2,1,1,Weekday
20150203,2015,2,1,2,Weekday
20150204,2015,2,1,3,Weekday
20150205,2015,2,1,4,Weekday
20150206,2015,2,1,5,Weekday
20150207,2015,2,1,6,Weekend
20150208,2015,2,1,7,Weekend
20150209,2015,2,1,1,Weekday
20150210,2015,2,1,2,Weekday
20150211,2015,2,1,3,Weekday
20150212,2015,2,1,4,Weekday
20150213,2015,2,1,5,Weekday
20150214,2015,2,1,6,Weekend
20150215,2015,2,1,7,Weekend
20150216,2015,2,1,1,Weekday
20150217,2015,2,1,2,Weekday
20150218,2015,2,1,3,Weekday
20150219,2015,2,1,4,Weekday
20150220,2015,2,1,5,Weekday
20150221,2015,2,1,6,Weekend
20150222,2015,2,1,7,Weekend
20150223,2015,2,1,1,Weekday
20150224,2015,2,1,2,Weekday
20150225,2015,2,1,3,Weekday
20150226,2015,2,1,4,Weekday
20150227,2015,2,1,5,Weekday
20150228,2015,2,1,6,Weekend
20150301,2015,3,1,7,Weekend
20150302,2015,3,1,1,Weekday
20150303,2015,3,1,2,Weekday
20150304,2015,3,1,3,Weekday
20150305,2015,3,1,4,Weekday
20150306,2015,3,1,5,Weekday
20150307,2015,3,1,6,Weekend
20150308,2015,3,1,7,Weekend
20150309,2015,3,1,1,Weekday
20150310,2015,3,1,2,Weekday
20150311,2015,3,1,3,Weekday
20150312,2015,3,1,4,Weekday
20150313,2015,3,1,5,Weekday
20150314,2015,3,1,6,Weekend
20150315,2015,3,1,7,Weekend
20150316,2015,3,1,1,Weekday
20150317,2015,3,1,2,Weekday
20150318,2015,3,1,3,Weekday
20150319,2015,3,1,4,Weekday
20150320,2015,3,1,5,Weekday
20150321,2015,3,1,6,Weekend
20150322,2015,3,1,7,Weekend
20150323,2015,3,1,1,Weekday
20150324,2015,3,1,2,Weekday
20150325,2015,3,1,3,Weekday
20150326,2015,3,1,4,Weekday
20150327,2015,3,1,5,Weekday
20150328,2015,3,1,6,Weekend
20150329,2015,3,1,7,Weekend
20150330,2015,3,1,1,Weekday
20150331,2015,3,1,2,Weekday
20150401,2015,4,2,3,Weekday
20150402,2015,4,2,4,Weekday
20150403,2015,4,2,5,Weekday
20150404,2015,4,2,6,Weekend
20150405,2015,4,2,7,Weekend
20150406,2015,4,2,1,Weekday
20150407,2015,4,2,2,Weekday
20150408,2015,4,2,3,Weekday
20150409,2015,4,2,4,Weekday
20150410,2015,4,2,5,Weekday
20150411,2015,4,2,6,Weekend
20150412,2015,4,2,7,Weekend
20150413,2015,4,2,1,Weekday
20150414,2015,4,2,2,Weekday
20150415,2015,4,2,3,Weekday
20150416,2015,4,2,4,Weekday
20150417,2015,4,2,5,Weekday
20150418,2015,4,2,6,Weekend
20150419,2015,4,2,7,Weekend
20150420,2015,4,2,1,Weekday
20150421,2015,4,2,2,Weekday
20150422,2015,4,2,3,Weekday
20150423,2015,4,2,4,Weekday
20150424,2015,4,2,5,Weekday
20150425,2015,4,2,6,Weekend
20150426,2015,4,2,7,Weekend
20150427,2015,4,2,1,Weekday
20150428,2015,4,2,2,Weekday
20150429,2015,4,2,3,Weekday
20150430,2015,4,2,4,Weekday
20150501,2015,5,2,5,Weekday
20150502,2015,5,2,6,Weekend
20150503,2015,5,2,7,Weekend
20150504,2015,5,2,1,Weekday
20150505,2015,5,2,2,Weekday
20150506,2015,5,2,3,Weekday
20150507,2015,5,2,4,Weekday
20150508,2015,5,2,5,Weekday
20150509,2015,5,2,6,Weekend
20150510,2015,5,2,7,Weekend
20150511,2015,5,2,1,Weekday
20150512,2015,5,2,2,Weekday
20150513,2015,5,2,3,Weekday
20150514,2015,5,2,4,Weekday
20150515,2015,5,2,5,Weekday
20150516,2015,5,2,6,Weekend
20150517,2015,5,2,7,Weekend
20150518,2015,5,2,1,Weekday
20150519,2015,5,2,2,Weekday
20150520,2015,5,2,3,Weekday
20150521,2015,5,2,4,Weekday
20150522,2015,5,2,5,Weekday
20150523,2015,5,2,6,Weekend
20150524,2015,5,2,7,Weekend
20150525,2015,5,2,1,Weekday
20150526,2015,5,2,2,Weekday
20150527,2015,5,2,3,Weekday
20150528,2015,5,2,4,Weekday
20150529,2015,5,2,5,Weekday
20150530,2015,5,2,6,Weekend
20150531,2015,5,2,7,Weekend
20150601,2015,6,2,1,Weekday
20150602,2015,6,2,2,Weekday
20150603,2015,6,2,3,Weekday
20150604,2015,6,2,4,Weekday
20150605,2015,6,2,5,Weekday
20150606,2015,6,2,6,Weekend
20150607,2015,6,2,7,Weekend
20150608,2015,6,2,1,Weekday
20150609,2015,6,2,2,Weekday
20150610,2015,6,2,3,Weekday
20150611,2015,6,2,4,Weekday
20150612,2015,6,2,5,Weekday
20150613,2015,6,2,6,Weekend
20150614,2015,6,2,7,Weekend
20150615,2015,6,2,1,Weekday
20150616,2015,6,2,2,Weekday
20150617,2015,6,2,3,Weekday
20150618,2015,6,2,4,Weekday
20150619,2015,6,2,5,Weekday
20150620,2015,6,2,6,Weekend
20150621,2015,6,2,7,Weekend
20150622,2015,6,2,1,Weekday
20150623,2015,6,2,2,Weekday
20150624,2015,6,2,3,Weekday
20150625,2015,6,2,4,Weekday
20150626,2015,6,2,5,Weekday
20150627,2015,6,2,6,Weekend
20150628,2015,6,2,7,Weekend
20150629,2015,6,2,1,Weekday
20150630,2015,6,2,2,Weekday
20150701,2015,7,3,3,Weekday
20150702,2015,7,3,4,Weekday
20150703,2015,7,3,5,Weekday
20150704,2015,7,3,6,Weekend
20150705,2015,7,3,7,Weekend
20150706,2015,7,3,1,Weekday
20150707,2015,7,3,2,Weekday
20150708,2015,7,3,3,Weekday
20150709,2015,7,3,4,Weekday
20150710,2015,7,3,5,Weekday
20150711,2015,7,3,6,Weekend
20150712,2015,7,3,7,Weekend
20150713,2015,7,3,1,Weekday
20150714,2015,7,3,2,Weekday
20150715,2015,7,3,3,Weekday
20150716,2015,7,3,4,Weekday
20150717,2015,7,3,5,Weekday
20150718,2015,7,3,6,Weekend
20150719,2015,7,3,7,Weekend
20150720,2015,7,3,1,Weekday
20150721,2015,7,3,2,Weekday
20150722,2015,7,3,3,Weekday
20150723,2015,7,3,4,Weekday
20150724,2015,7,3,5,Weekday
20150725,2015,7,3,6,Weekend
20150726,2015,7,3,7,Weekend
20150727,2015,7,3,1,Weekday
20150728,2015,7,3,2,Weekday
20150729,2015,7,3,3,Weekday
20150730,2015,7,3,4,Weekday
20150731,2015,7,3,5,Weekday
20150801,2015,8,3,6,Weekend
20150802,2015,8,3,7,Weekend
20150803,2015,8,3,1,Weekday
20150804,2015,8,3,2,Weekday
20150805,2015,8,3,3,Weekday
20150806,2015,8,3,4,Weekday
20150807,2015,8,3,5,Weekday
20150808,2015,8,3,6,Weekend
20150809,2015,8,3,7,Weekend
20150810,2015,8,3,1,Weekday
20150811,2015,8,3,2,Weekday
20150812,2015,8,3,3,Weekday
20150813,2015,8,3,4,Weekday
20150814,2015,8,3,5,Weekday
20150815,2015,8,3,6,Weekend
20150816,2015,8,3,7,Weekend
20150817,2015,8,3,1,Weekday
20150818,2015,8,3,2,Weekday
20150819,2015,8,3,3,Weekday
20150820,2015,8,3,4,Weekday
20150821,2015,8,3,5,Weekday
20150822,2015,8,3,6,Weekend
20150823,2015,8,3,7,Weekend
20150824,2015,8,3,1,Weekday
20150825,2015,8,3,2,Weekday
20150826,2015,8,3,3,Weekday
20150827,2015,8,3,4,Weekday
20150828,2015,8,3,5,Weekday
20150829,2015,8,3,6,Weekend
20150830,2015,8,3,7,Weekend
20150831,2015,8,3,1,Weekday
20150901,2015,9,3,2,Weekday
20150902,2015,9,3,3,Weekday
20150903,2015,9,3,4,Weekday
20150904,2015,9,3,5,Weekday
20150905,2015,9,3,6,Weekend
20150906,2015,9,3,7,Weekend
20150907,2015,9,3,1,Weekday
20150908,2015,9,3,2,Weekday
20150909,2015,9,3,3,Weekday
20150910,2015,9,3,4,Weekday
20150911,2015,9,3,5,Weekday
20150912,2015,9,3,6,Weekend
20150913,2015,9,3,7,Weekend
20150914,2015,9,3,1,Weekday
20150915,2015,9,3,2,Weekday
20150916,2015,9,3,3,Weekday
20150917,2015,9,3,4,Weekday
20150918,2015,9,3,5,Weekday
20150919,2015,9,3,6,Weekend
20150920,2015,9,3,7,Weekend
20150921,2015,9,3,1,Weekday
20150922,2015,9,3,2,Weekday
20150923,2015,9,3,3,Weekday
20150924,2015,9,3,4,Weekday
20150925,2015,9,3,5,Weekday
20150926,2015,9,3,6,Weekend
20150927,2015,9,3,7,Weekend
20150928,2015,9,3,1,Weekday
20150929,2015,9,3,2,Weekday
20150930,2015,9,3,3,Weekday
20151001,2015,10,4,4,Weekday
20151002,2015,10,4,5,Weekday
20151003,2015,10,4,6,Weekend
20151004,2015,10,4,7,Weekend
20151005,2015,10,4,1,Weekday
20151006,2015,10,4,2,Weekday
20151007,2015,10,4,3,Weekday
20151008,2015,10,4,4,Weekday
20151009,2015,10,4,5,Weekday
20151010,2015,10,4,6,Weekend
20151011,2015,10,4,7,Weekend
20151012,2015,10,4,1,Weekday
20151013,2015,10,4,2,Weekday
20151014,2015,10,4,3,Weekday
20151015,2015,10,4,4,Weekday
20151016,2015,10,4,5,Weekday
20151017,2015,10,4,6,Weekend
20151018,2015,10,4,7,Weekend
20151019,2015,10,4,1,Weekday
20151020,2015,10,4,2,Weekday
20151021,2015,10,4,3,Weekday
20151022,2015,10,4,4,Weekday
20151023,2015,10,4,5,Weekday
20151024,2015,10,4,6,Weekend
20151025,2015,10,4,7,Weekend
20151026,2015,10,4,1,Weekday
20151027,2015,10,4,2,Weekday
20151028,2015,10,4,3,Weekday
20151029,2015,10,4,4,Weekday
20151030,2015,10,4,5,Weekday
20151031,2015,10,4,6,Weekend
20151101,2015,11,4,7,Weekend
20151102,2015,11,4,1,Weekday
20151103,2015,11,4,2,Weekday
20151104,2015,11,4,3,Weekday
20151105,2015,11,4,4,Weekday
20151106,2015,11,4,5,Weekday
20151107,2015,11,4,6,Weekend
20151108,2015,11,4,7,Weekend
20151109,2015,11,4,1,Weekday
20151110,2015,11,4,2,Weekday
20151111,2015,11,4,3,Weekday
20151112,2015,11,4,4,Weekday
20151113,2015,11,4,5,Weekday
20151114,2015,11,4,6,Weekend
20151115,2015,11,4,7,Weekend
20151116,2015,11,4,1,Weekday
20151117,2015,11,4,2,Weekday
20151118,2015,11,4,3,Weekday
20151119,2015,11,4,4,Weekday
20151120,2015,11,4,5,Weekday
20151121,2015,11,4,6,Weekend
20151122,2015,11,4,7,Weekend
20151123,2015,11,4,1,Weekday
20151124,2015,11,4,2,Weekday
20151125,2015,11,4,3,Weekday
20151126,2015,11,4,4,Weekday
20151127,2015,11,4,5,Weekday
20151128,2015,11,4,6,Weekend
20151129,2015,11,4,7,Weekend
20151130,2015,11,4,1,Weekday
20151201,2015,12,4,2,Weekday
20151202,2015,12,4,3,Weekday
20151203,2015,12,4,4,Weekday
20151204,2015,12,4,5,Weekday
20151205,2015,12,4,6,Weekend
20151206,2015,12,4,7,Weekend
20151207,2015,12,4,1,Weekday
20151208,2015,12,4,2,Weekday
20151209,2015,12,4,3,Weekday
20151210,2015,12,4,4,Weekday
20151211,2015,12,4,5,Weekday
20151212,2015,12,4,6,Weekend
20151213,2015,12,4,7,Weekend
20151214,2015,12,4,1,Weekday
20151215,2015,12,4,2,Weekday
20151216,2015,12,4,3,Weekday
20151217,2015,12,4,4,Weekday
20151218,2015,12,4,5,Weekday
20151219,2015,12,4,6,Weekend
20151220,2015,12,4,7,Weekend
20151221,2015,12,4,1,Weekday
20151222,2015,12,4,2,Weekday
20151223,2015,12,4,3,Weekday
20151224,2015,12,4,4,Weekday
20151225,2015,12,4,5,Weekday
20151226,2015,12,4,6,Weekend
20151227,2015,12,4,7,Weekend
20151228,2015,12,4,1,Weekday
20151229,2015,12,4,2,Weekday
20151230,2015,12,4,3,Weekday
20151231,2015,12,4,4,Weekday
20160101,2016,1,1,5,Weekday
20160102,2016,1,1,6,Weekend
20160103,2016,1,1,7,Weekend
20160104,2016,1,1,1,Weekday
20160105,2016,1,1,2,Weekday
20160106,2016,1,1,3,Weekday
20160107,2016,1,1,4,Weekday
20160108,2016,1,1,5,Weekday
20160109,2016,1,1,6,Weekend
20160110,2016,1,1,7,Weekend
20160111,2016,1,1,1,Weekday
20160112,2016,1,1,2,Weekday
20160113,2016,1,1,3,Weekday
20160114,2016,1,1,4,Weekday
20160115,2016,1,1,5,Weekday
20160116,2016,1,1,6,Weekend
20160117,2016,1,1,7,Weekend
20160118,2016,1,1,1,Weekday
20160119,2016,1,1,2,Weekday
20160120,2016,1,1,3,Weekday
20160121,2016,1,1,4,Weekday
20160122,2016,1,1,5,Weekday
20160123,2016,1,1,6,Weekend
20160124,2016,1,1,7,Weekend
20160125,2016,1,1,1,Weekday
20160126,2016,1,1,2,Weekday
20160127,2016,1,1,3,Weekday
20160128,2016,1,1,4,Weekday
20160129,2016,1,1,5,Weekday
20160130,2016,1,1,6,Weekend
20160131,2016,1,1,7,Weekend
20160201,2016,2,1,1,Weekday
20160202,2016,2,1,2,Weekday
20160203,2016,2,1,3,Weekday
20160204,2016,2,1,4,Weekday
20160205,2016,2,1,5,Weekday
20160206,2016,2,1,6,Weekend
20160207,2016,2,1,7,Weekend
20160208,2016,2,1,1,Weekday
20160209,2016,2,1,2,Weekday
20160210,2016,2,1,3,Weekday
20160211,2016,2,1,4,Weekday
20160212,2016,2,1,5,Weekday
20160213,2016,2,1,6,Weekend
20160214,2016,2,1,7,Weekend
20160215,2016,2,1,1,Weekday
20160216,2016,2,1,2,Weekday
20160217,2016,2,1,3,Weekday
20160218,2016,2,1,4,Weekday
20160219,2016,2,1,5,Weekday
20160220,2016,2,1,6,Weekend
20160221,2016,2,1,7,Weekend
20160222,2016,2,1,1,Weekday
20160223,2016,2,1,2,Weekday
20160224,2016,2,1,3,Weekday
20160225,2016,2,1,4,Weekday
20160226,2016,2,1,5,Weekday
20160227,2016,2,1,6,Weekend
20160228,2016,2,1,7,Weekend
20160229,2016,2,1,1,Weekday
20160301,2016,3,1,2,Weekday
20160302,2016,3,1,3,Weekday
20160303,2016,3,1,4,Weekday
20160304,2016,3,1,5,Weekday
20160305,2016,3,1,6,Weekend
20160306,2016,3,1,7,Weekend
20160307,2016,3,1,1,Weekday
20160308,2016,3,1,2,Weekday
20160309,2016,3,1,3,Weekday
20160310,2016,3,1,4,Weekday
20160311,2016,3,1,5,Weekday
20160312,2016,3,1,6,Weekend
20160313,2016,3,1,7,Weekend
20160314,2016,3,1,1,Weekday
20160315,2016,3,1,2,Weekday
20160316,2016,3,1,3,Weekday
20160317,2016,3,1,4,Weekday
20160318,2016,3,1,5,Weekday
20160319,2016,3,1,6,Weekend
20160320,2016,3,1,7,Weekend
20160321,2016,3,1,1,Weekday
20160322,2016,3,1,2,Weekday
20160323,2016,3,1,3,Weekday
20160324,2016,3,1,4,Weekday
20160325,2016,3,1,5,Weekday
20160326,2016,3,1,6,Weekend
20160327,2016,3,1,7,Weekend
20160328,2016,3,1,1,Weekday
20160329,2016,3,1,2,Weekday
20160330,2016,3,1,3,Weekday
20160331,2016,3,1,4,Weekday
20160401,2016,4,2,5,Weekday
20160402,2016,4,2,6,Weekend
20160403,2016,4,2,7,Weekend
20160404,2016,4,2,1,Weekday
20160405,2016,4,2,2,Weekday
20160406,2016,4,2,3,Weekday
20160407,2016,4,2,4,Weekday
20160408,2016,4,2,5,Weekday
20160409,2016,4,2,6,Weekend
20160410,2016,4,2,7,Weekend
20160411,2016,4,2,1,Weekday
20160412,2016,4,2,2,Weekday
20160413,2016,4,2,3,Weekday
20160414,2016,4,2,4,Weekday
20160415,2016,4,2,5,Weekday
20160416,2016,4,2,6,Weekend
20160417,2016,4,2,7,Weekend
20160418,2016,4,2,1,Weekday
20160419,2016,4,2,2,Weekday
20160420,2016,4,2,3,Weekday
20160421,2016,4,2,4,Weekday
20160422,2016,4,2,5,Weekday
20160423,2016,4,2,6,Weekend
20160424,2016,4,2,7,Weekend
20160425,2016,4,2,1,Weekday
20160426,2016,4,2,2,Weekday
20160427,2016,4,2,3,Weekday
20160428,2016,4,2,4,Weekday
20160429,2016,4,2,5,Weekday
20160430,2016,4,2,6,Weekend
20160501,2016,5,2,7,Weekend
20160502,2016,5,2,1,Weekday
20160503,2016,5,2,2,Weekday
20160504,2016,5,2,3,Weekday
20160505,2016,5,2,4,Weekday
20160506,2016,5,2,5,Weekday
20160507,2016,5,2,6,Weekend
20160508,2016,5,2,7,Weekend
20160509,2016,5,2,1,Weekday
20160510,2016,5,2,2,Weekday
20160511,2016,5,2,3,Weekday
20160512,2016,5,2,4,Weekday
20160513,2016,5,2,5,Weekday
20160514,2016,5,2,6,Weekend
20160515,2016,5,2,7,Weekend
20160516,2016,5,2,1,Weekday
20160517,2016,5,2,2,Weekday
20160518,2016,5,2,3,Weekday
20160519,2016,5,2,4,Weekday
20160520,2016,5,2,5,Weekday
20160521,2016,5,2,6,Weekend
20160522,2016,5,2,7,Weekend
20160523,2016,5,2,1,Weekday
20160524,2016,5,2,2,Weekday
20160525,2016,5,2,3,Weekday
20160526,2016,5,2,4,Weekday
20160527,2016,5,2,5,Weekday
20160528,2016,5,2,6,Weekend
20160529,2016,5,2,7,Weekend
20160530,2016,5,2,1,Weekday
20160531,2016,5,2,2,Weekday
20160601,2016,6,2,3,Weekday
20160602,2016,6,2,4,Weekday
20160603,2016,6,2,5,Weekday
20160604,2016,6,2,6,Weekend
20160605,2016,6,2,7,Weekend
20160606,2016,6,2,1,Weekday
20160607,2016,6,2,2,Weekday
20160608,2016,6,2,3,Weekday
20160609,2016,6,2,4,Weekday
20160610,2016,6,2,5,Weekday
20160611,2016,6,2,6,Weekend
20160612,2016,6,2,7,Weekend
20160613,2016,6,2,1,Weekday
20160614,2016,6,2,2,Weekday
20160615,2016,6,2,3,Weekday
20160616,2016,6,2,4,Weekday
20160617,2016,6,2,5,Weekday
20160618,2016,6,2,6,Weekend
20160619,2016,6,2,7,Weekend
20160620,2016,6,2,1,Weekday
20160621,2016,6,2,2,Weekday
20160622,2016,6,2,3,Weekday
20160623,2016,6,2,4,Weekday
20160624,2016,6,2,5,Weekday
20160625,2016,6,2,6,Weekend
20160626,2016,6,2,7,Weekend
20160627,2016,6,2,1,Weekday
20160628,2016,6,2,2,Weekday
20160629,2016,6,2,3,Weekday
20160630,2016,6,2,4,Weekday
20160701,2016,7,3,5,Weekday
20160702,2016,7,3,6,Weekend
20160703,2016,7,3,7,Weekend
20160704,2016,7,3,1,Weekday
20160705,2016,7,3,2,Weekday
20160706,2016,7,3,3,Weekday
20160707,2016,7,3,4,Weekday
20160708,2016,7,3,5,Weekday
20160709,2016,7,3,6,Weekend
20160710,2016,7,3,7,Weekend
20160711,2016,7,3,1,Weekday
20160712,2016,7,3,2,Weekday
20160713,2016,7,3,3,Weekday
20160714,2016,7,3,4,Weekday
20160715,2016,7,3,5,Weekday
20160716,2016,7,3,6,Weekend
20160717,2016,7,3,7,Weekend
20160718,2016,7,3,1,Weekday
20160719,2016,7,3,2,Weekday
20160720,2016,7,3,3,Weekday
20160721,2016,7,3,4,Weekday
20160722,2016,7,3,5,Weekday
20160723,2016,7,3,6,Weekend
20160724,2016,7,3,7,Weekend
20160725,2016,7,3,1,Weekday
20160726,2016,7,3,2,Weekday
20160727,2016,7,3,3,Weekday
20160728,2016,7,3,4,Weekday
20160729,2016,7,3,5,Weekday
20160730,2016,7,3,6,Weekend
20160731,2016,7,3,7,Weekend
20160801,2016,8,3,1,Weekday
20160802,2016,8,3,2,Weekday
20160803,2016,8,3,3,Weekday
20160804,2016,8,3,4,Weekday
20160805,2016,8,3,5,Weekday
20160806,2016,8,3,6,Weekend
20160807,2016,8,3,7,Weekend
20160808,2016,8,3,1,Weekday
20160809,2016,8,3,2,Weekday
20160810,2016,8,3,3,Weekday
20160811,2016,8,3,4,Weekday
20160812,2016,8,3,5,Weekday
20160813,2016,8,3,6,Weekend
20160814,2016,8,3,7,Weekend
20160815,2016,8,3,1,Weekday
20160816,2016,8,3,2,Weekday
20160817,2016,8,3,3,Weekday
20160818,2016,8,3,4,Weekday
20160819,2016,8,3,5,Weekday
20160820,2016,8,3,6,Weekend
20160821,2016,8,3,7,Weekend
20160822,2016,8,3,1,Weekday
20160823,2016,8,3,2,Weekday
20160824,2016,8,3,3,Weekday
20160825,2016,8,3,4,Weekday
20160826,2016,8,3,5,Weekday
20160827,2016,8,3,6,Weekend
20160828,2016,8,3,7,Weekend
20160829,2016,8,3,1,Weekday
20160830,2016,8,3,2,Weekday
20160831,2016,8,3,3,Weekday
20160901,2016,9,3,4,Weekday
20160902,2016,9,3,5,Weekday
20160903,2016,9,3,6,Weekend
20160904,2016,9,3,7,Weekend
20160905,2016,9,3,1,Weekday
20160906,2016,9,3,2,Weekday
20160907,2016,9,3,3,Weekday
20160908,2016,9,3,4,Weekday
20160909,2016,9,3,5,Weekday
20160910,2016,9,3,6,Weekend
20160911,2016,9,3,7,Weekend
20160912,2016,9,3,1,Weekday
20160913,2016,9,3,2,Weekday
20160914,2016,9,3,3,Weekday
20160915,2016,9,3,4,Weekday
20160916,2016,9,3,5,Weekday
20160917,2016,9,3,6,Weekend
20160918,2016,9,3,7,Weekend
20160919,2016,9,3,1,Weekday
20160920,2016,9,3,2,Weekday
20160921,2016,9,3,3,Weekday
20160922,2016,9,3,4,Weekday
20160923,2016,9,3,5,Weekday
20160924,2016,9,3,6,Weekend
20160925,2016,9,3,7,Weekend
20160926,2016,9,3,1,Weekday
20160927,2016,9,3,2,Weekday
20160928,2016,9,3,3,Weekday
20160929,2016,9,3,4,Weekday
20160930,2016,9,3,5,Weekday
20161001,2016,10,4,6,Weekend
20161002,2016,10,4,7,Weekend
20161003,2016,10,4,1,Weekday
20161004,2016,10,4,2,Weekday
20161005,2016,10,4,3,Weekday
20161006,2016,10,4,4,Weekday
20161007,2016,10,4,5,Weekday
20161008,2016,10,4,6,Weekend
20161009,2016,10,4,7,Weekend
20161010,2016,10,4,1,Weekday
20161011,2016,10,4,2,Weekday
20161012,2016,10,4,3,Weekday
20161013,2016,10,4,4,Weekday
20161014,2016,10,4,5,Weekday
20161015,2016,10,4,6,Weekend
20161016,2016,10,4,7,Weekend
20161017,2016,10,4,1,Weekday
20161018,2016,10,4,2,Weekday
20161019,2016,10,4,3,Weekday
20161020,2016,10,4,4,Weekday
20161021,2016,10,4,5,Weekday
20161022,2016,10,4,6,Weekend
20161023,2016,10,4,7,Weekend
20161024,2016,10,4,1,Weekday
20161025,2016,10,4,2,Weekday
20161026,2016,10,4,3,Weekday
20161027,2016,10,4,4,Weekday
20161028,2016,10,4,5,Weekday
20161029,2016,10,4,6,Weekend
20161030,2016,10,4,7,Weekend
20161031,2016,10,4,1,Weekday
20161101,2016,11,4,2,Weekday
20161102,2016,11,4,3,Weekday
20161103,2016,11,4,4,Weekday
20161104,2016,11,4,5,Weekday
20161105,2016,11,4,6,Weekend
20161106,2016,11,4,7,Weekend
20161107,2016,11,4,1,Weekday
20161108,2016,11,4,2,Weekday
20161109,2016,11,4,3,Weekday
20161110,2016,11,4,4,Weekday
20161111,2016,11,4,5,Weekday
20161112,2016,11,4,6,Weekend
20161113,2016,11,4,7,Weekend
20161114,2016,11,4,1,Weekday
20161115,2016,11,4,2,Weekday
20161116,2016,11,4,3,Weekday
20161117,2016,11,4,4,Weekday
20161118,2016,11,4,5,Weekday
20161119,2016,11,4,6,Weekend
20161120,2016,11,4,7,Weekend
20161121,2016,11,4,1,Weekday
20161122,2016,11,4,2,Weekday
20161123,2016,11,4,3,Weekday
20161124,2016,11,4,4,Weekday
20161125,2016,11,4,5,Weekday
20161126,2016,11,4,6,Weekend
20161127,2016,11,4,7,Weekend
20161128,2016,11,4,1,Weekday
20161129,2016,11,4,2,Weekday
20161130,2016,11,4,3,Weekday
20161201,2016,12,4,4,Weekday
20161202,2016,12,4,5,Weekday
20161203,2016,12,4,6,Weekend
20161204,2016,12,4,7,Weekend
20161205,2016,12,4,1,Weekday
20161206,2016,12,4,2,Weekday
20161207,2016,12,4,3,Weekday
20161208,2016,12,4,4,Weekday
20161209,2016,12,4,5,Weekday
20161210,2016,12,4,6,Weekend
20161211,2016,12,4,7,Weekend
20161212,2016,12,4,1,Weekday
20161213,2016,12,4,2,Weekday
20161214,2016,12,4,3,Weekday
20161215,2016,12,4,4,Weekday
20161216,2016,12,4,5,Weekday
20161217,2016,12,4,6,Weekend
20161218,2016,12,4,7,Weekend
20161219,2016,12,4,1,Weekday
20161220,2016,12,4,2,Weekday
20161221,2016,12,4,3,Weekday
20161222,2016,12,4,4,Weekday
20161223,2016,12,4,5,Weekday
20161224,2016,12,4,6,Weekend
20161225,2016,12,4,7,Weekend
20161226,2016,12,4,1,Weekday
20161227,2016,12,4,2,Weekday
20161228,2016,12,4,3,Weekday
20161229,2016,12,4,4,Weekday
20161230,2016,12,4,5,Weekday
20161231,2016,12,4,6,Weekend
20170101,2017,1,1,7,Weekend
20170102,2017,1,1,1,Weekday
20170103,2017,1,1,2,Weekday
20170104,2017,1,1,3,Weekday
20170105,2017,1,1,4,Weekday
20170106,2017,1,1,5,Weekday
20170107,2017,1,1,6,Weekend
20170108,2017,1,1,7,Weekend
20170109,2017,1,1,1,Weekday
20170110,2017,1,1,2,Weekday
20170111,2017,1,1,3,Weekday
20170112,2017,1,1,4,Weekday
20170113,2017,1,1,5,Weekday
20170114,2017,1,1,6,Weekend
20170115,2017,1,1,7,Weekend
20170116,2017,1,1,1,Weekday
20170117,2017,1,1,2,Weekday
20170118,2017,1,1,3,Weekday
20170119,2017,1,1,4,Weekday
20170120,2017,1,1,5,Weekday
20170121,2017,1,1,6,Weekend
20170122,2017,1,1,7,Weekend
20170123,2017,1,1,1,Weekday
20170124,2017,1,1,2,Weekday
20170125,2017,1,1,3,Weekday
20170126,2017,1,1,4,Weekday
20170127,2017,1,1,5,Weekday
20170128,2017,1,1,6,Weekend
20170129,2017,1,1,7,Weekend
20170130,2017,1,1,1,Weekday
20170131,2017,1,1,2,Weekday
20170201,2017,2,1,3,Weekday
20170202,2017,2,1,4,Weekday
20170203,2017,2,1,5,Weekday
20170204,2017,2,1,6,Weekend
20170205,2017,2,1,7,Weekend
20170206,2017,2,1,1,Weekday
20170207,2017,2,1,2,Weekday
20170208,2017,2,1,3,Weekday
20170209,2017,2,1,4,Weekday
20170210,2017,2,1,5,Weekday
20170211,2017,2,1,6,Weekend
20170212,2017,2,1,7,Weekend
20170213,2017,2,1,1,Weekday
20170214,2017,2,1,2,Weekday
20170215,2017,2,1,3,Weekday
20170216,2017,2,1,4,Weekday
20170217,2017,2,1,5,Weekday
20170218,2017,2,1,6,Weekend
20170219,2017,2,1,7,Weekend
20170220,2017,2,1,1,Weekday
20170221,2017,2,1,2,Weekday
20170222,2017,2,1,3,Weekday
20170223,2017,2,1,4,Weekday
20170224,2017,2,1,5,Weekday
20170225,2017,2,1,6,Weekend
20170226,2017,2,1,7,Weekend
20170227,2017,2,1,1,Weekday
20170228,2017,2,1,2,Weekday
20170301,2017,3,1,3,Weekday
20170302,2017,3,1,4,Weekday
20170303,2017,3,1,5,Weekday
20170304,2017,3,1,6,Weekend
20170305,2017,3,1,7,Weekend
20170306,2017,3,1,1,Weekday
20170307,2017,3,1,2,Weekday
20170308,2017,3,1,3,Weekday
20170309,2017,3,1,4,Weekday
20170310,2017,3,1,5,Weekday
20170311,2017,3,1,6,Weekend
20170312,2017,3,1,7,Weekend
20170313,2017,3,1,1,Weekday
20170314,2017,3,1,2,Weekday
20170315,2017,3,1,3,Weekday
20170316,2017,3,1,4,Weekday
20170317,2017,3,1,5,Weekday
20170318,2017,3,1,6,Weekend
20170319,2017,3,1,7,Weekend
20170320,2017,3,1,1,Weekday
20170321,2017,3,1,2,Weekday
20170322,2017,3,1,3,Weekday
20170323,2017,3,1,4,Weekday
20170324,2017,3,1,5,Weekday
20170325,2017,3,1,6,Weekend
20170326,2017,3,1,7,Weekend
20170327,2017,3,1,1,Weekday
20170328,2017,3,1,2,Weekday
20170329,2017,3,1,3,Weekday
20170330,2017,3,1,4,Weekday
20170331,2017,3,1,5,Weekday
20170401,2017,4,2,6,Weekend
20170402,2017,4,2,7,Weekend
20170403,2017,4,2,1,Weekday
20170404,2017,4,2,2,Weekday
20170405,2017,4,2,3,Weekday
20170406,2017,4,2,4,Weekday
20170407,2017,4,2,5,Weekday
20170408,2017,4,2,6,Weekend
20170409,2017,4,2,7,Weekend
20170410,2017,4,2,1,Weekday
20170411,2017,4,2,2,Weekday
20170412,2017,4,2,3,Weekday
20170413,2017,4,2,4,Weekday
20170414,2017,4,2,5,Weekday
20170415,2017,4,2,6,Weekend
20170416,2017,4,2,7,Weekend
20170417,2017,4,2,1,Weekday
20170418,2017,4,2,2,Weekday
20170419,2017,4,2,3,Weekday
20170420,2017,4,2,4,Weekday
20170421,2017,4,2,5,Weekday
20170422,2017,4,2,6,Weekend
20170423,2017,4,2,7,Weekend
20170424,2017,4,2,1,Weekday
20170425,2017,4,2,2,Weekday
20170426,2017,4,2,3,Weekday
20170427,2017,4,2,4,Weekday
20170428,2017,4,2,5,Weekday
20170429,2017,4,2,6,Weekend
20170430,2017,4,2,7,Weekend
20170501,2017,5,2,1,Weekday
20170502,2017,5,2,2,Weekday
20170503,2017,5,2,3,Weekday
20170504,2017,5,2,4,Weekday
20170505,2017,5,2,5,Weekday
20170506,2017,5,2,6,Weekend
20170507,2017,5,2,7,Weekend
20170508,2017,5,2,1,Weekday
20170509,2017,5,2,2,Weekday
20170510,2017,5,2,3,Weekday
20170511,2017,5,2,4,Weekday
20170512,2017,5,2,5,Weekday
20170513,2017,5,2,6,Weekend
20170514,2017,5,2,7,Weekend
20170515,2017,5,2,1,Weekday
20170516,2017,5,2,2,Weekday
20170517,2017,5,2,3,Weekday
20170518,2017,5,2,4,Weekday
20170519,2017,5,2,5,Weekday
20170520,2017,5,2,6,Weekend
20170521,2017,5,2,7,Weekend
20170522,2017,5,2,1,Weekday
20170523,2017,5,2,2,Weekday
20170524,2017,5,2,3,Weekday
20170525,2017,5,2,4,Weekday
20170526,2017,5,2,5,Weekday
20170527,2017,5,2,6,Weekend
20170528,2017,5,2,7,Weekend
20170529,2017,5,2,1,Weekday
20170530,2017,5,2,2,Weekday
20170531,2017,5,2,3,Weekday
20170601,2017,6,2,4,Weekday
20170602,2017,6,2,5,Weekday
20170603,2017,6,2,6,Weekend
20170604,2017,6,2,7,Weekend
20170605,2017,6,2,1,Weekday
20170606,2017,6,2,2,Weekday
20170607,2017,6,2,3,Weekday
20170608,2017,6,2,4,Weekday
20170609,2017,6,2,5,Weekday
20170610,2017,6,2,6,Weekend
20170611,2017,6,2,7,Weekend
20170612,2017,6,2,1,Weekday
20170613,2017,6,2,2,Weekday
20170614,2017,6,2,3,Weekday
20170615,2017,6,2,4,Weekday
20170616,2017,6,2,5,Weekday
20170617,2017,6,2,6,Weekend
20170618,2017,6,2,7,Weekend
20170619,2017,6,2,1,Weekday
20170620,2017,6,2,2,Weekday
20170621,2017,6,2,3,Weekday
20170622,2017,6,2,4,Weekday
20170623,2017,6,2,5,Weekday
20170624,2017,6,2,6,Weekend
20170625,2017,6,2,7,Weekend
20170626,2017,6,2,1,Weekday
20170627,2017,6,2,2,Weekday
20170628,2017,6,2,3,Weekday
20170629,2017,6,2,4,Weekday
20170630,2017,6,2,5,Weekday
20170701,2017,7,3,6,Weekend
20170702,2017,7,3,7,Weekend
20170703,2017,7,3,1,Weekday
20170704,2017,7,3,2,Weekday
20170705,2017,7,3,3,Weekday
20170706,2017,7,3,4,Weekday
20170707,2017,7,3,5,Weekday
20170708,2017,7,3,6,Weekend
20170709,2017,7,3,7,Weekend
20170710,2017,7,3,1,Weekday
20170711,2017,7,3,2,Weekday
20170712,2017,7,3,3,Weekday
20170713,2017,7,3,4,Weekday
20170714,2017,7,3,5,Weekday
20170715,2017,7,3,6,Weekend
20170716,2017,7,3,7,Weekend
20170717,2017,7,3,1,Weekday
20170718,2017,7,3,2,Weekday
20170719,2017,7,3,3,Weekday
20170720,2017,7,3,4,Weekday
20170721,2017,7,3,5,Weekday
20170722,2017,7,3,6,Weekend
20170723,2017,7,3,7,Weekend
20170724,2017,7,3,1,Weekday
20170725,2017,7,3,2,Weekday
20170726,2017,7,3,3,Weekday
20170727,2017,7,3,4,Weekday
20170728,2017,7,3,5,Weekday
20170729,2017,7,3,6,Weekend
20170730,2017,7,3,7,Weekend
20170731,2017,7,3,1,Weekday
20170801,2017,8,3,2,Weekday
20170802,2017,8,3,3,Weekday
20170803,2017,8,3,4,Weekday
20170804,2017,8,3,5,Weekday
20170805,2017,8,3,6,Weekend
20170806,2017,8,3,7,Weekend
20170807,2017,8,3,1,Weekday
20170808,2017,8,3,2,Weekday
20170809,2017,8,3,3,Weekday
20170810,2017,8,3,4,Weekday
20170811,2017,8,3,5,Weekday
20170812,2017,8,3,6,Weekend
20170813,2017,8,3,7,Weekend
20170814,2017,8,3,1,Weekday
20170815,2017,8,3,2,Weekday
20170816,2017,8,3,3,Weekday
20170817,2017,8,3,4,Weekday
20170818,2017,8,3,5,Weekday
20170819,2017,8,3,6,Weekend
20170820,2017,8,3,7,Weekend
20170821,2017,8,3,1,Weekday
20170822,2017,8,3,2,Weekday
20170823,2017,8,3,3,Weekday
20170824,2017,8,3,4,Weekday
20170825,2017,8,3,5,Weekday
20170826,2017,8,3,6,Weekend
20170827,2017,8,3,7,Weekend
20170828,2017,8,3,1,Weekday
20170829,2017,8,3,2,Weekday
20170830,2017,8,3,3,Weekday
20170831,2017,8,3,4,Weekday
20170901,2017,9,3,5,Weekday
20170902,2017,9,3,6,Weekend
20170903,2017,9,3,7,Weekend
20170904,2017,9,3,1,Weekday
20170905,2017,9,3,2,Weekday
20170906,2017,9,3,3,Weekday
20170907,2017,9,3,4,Weekday
20170908,2017,9,3,5,Weekday
20170909,2017,9,3,6,Weekend
20170910,2017,9,3,7,Weekend
20170911,2017,9,3,1,Weekday
20170912,2017,9,3,2,Weekday
20170913,2017,9,3,3,Weekday
20170914,2017,9,3,4,Weekday
20170915,2017,9,3,5,Weekday
20170916,2017,9,3,6,Weekend
20170917,2017,9,3,7,Weekend
20170918,2017,9,3,1,Weekday
20170919,2017,9,3,2,Weekday
20170920,2017,9,3,3,Weekday
20170921,2017,9,3,4,Weekday
20170922,2017,9,3,5,Weekday
20170923,2017,9,3,6,Weekend
20170924,2017,9,3,7,Weekend
20170925,2017,9,3,1,Weekday
20170926,2017,9,3,2,Weekday
20170927,2017,9,3,3,Weekday
20170928,2017,9,3,4,Weekday
20170929,2017,9,3,5,Weekday
20170930,2017,9,3,6,Weekend
20171001,2017,10,4,7,Weekend
20171002,2017,10,4,1,Weekday
20171003,2017,10,4,2,Weekday
20171004,2017,10,4,3,Weekday
20171005,2017,10,4,4,Weekday
20171006,2017,10,4,5,Weekday
20171007,2017,10,4,6,Weekend
20171008,2017,10,4,7,Weekend
20171009,2017,10,4,1,Weekday
20171010,2017,10,4,2,Weekday
20171011,2017,10,4,3,Weekday
20171012,2017,10,4,4,Weekday
20171013,2017,10,4,5,Weekday
20171014,2017,10,4,6,Weekend
20171015,2017,10,4,7,Weekend
20171016,2017,10,4,1,Weekday
20171017,2017,10,4,2,Weekday
20171018,2017,10,4,3,Weekday
20171019,2017,10,4,4,Weekday
20171020,2017,10,4,5,Weekday
20171021,2017,10,4,6,Weekend
20171022,2017,10,4,7,Weekend
20171023,2017,10,4,1,Weekday
20171024,2017,10,4,2,Weekday
20171025,2017,10,4,3,Weekday
20171026,2017,10,4,4,Weekday
20171027,2017,10,4,5,Weekday
20171028,2017,10,4,6,Weekend
20171029,2017,10,4,7,Weekend
20171030,2017,10,4,1,Weekday
20171031,2017,10,4,2,Weekday
20171101,2017,11,4,3,Weekday
20171102,2017,11,4,4,Weekday
20171103,2017,11,4,5,Weekday
20171104,2017,11,4,6,Weekend
20171105,2017,11,4,7,Weekend
20171106,2017,11,4,1,Weekday
20171107,2017,11,4,2,Weekday
20171108,2017,11,4,3,Weekday
20171109,2017,11,4,4,Weekday
20171110,2017,11,4,5,Weekday
20171111,2017,11,4,6,Weekend
20171112,2017,11,4,7,Weekend
20171113,2017,11,4,1,Weekday
20171114,2017,11,4,2,Weekday
20171115,2017,11,4,3,Weekday
20171116,2017,11,4,4,Weekday
20171117,2017,11,4,5,Weekday
20171118,2017,11,4,6,Weekend
20171119,2017,11,4,7,Weekend
20171120,2017,11,4,1,Weekday
20171121,2017,11,4,2,Weekday
20171122,2017,11,4,3,Weekday
20171123,2017,11,4,4,Weekday
20171124,2017,11,4,5,Weekday
20171125,2017,11,4,6,Weekend
20171126,2017,11,4,7,Weekend
20171127,2017,11,4,1,Weekday
20171128,2017,11,4,2,Weekday
20171129,2017,11,4,3,Weekday
20171130,2017,11,4,4,Weekday
20171201,2017,12,4,5,Weekday
20171202,2017,12,4,6,Weekend
20171203,2017,12,4,7,Weekend
20171204,2017,12,4,1,Weekday
20171205,2017,12,4,2,Weekday
20171206,2017,12,4,3,Weekday
20171207,2017,12,4,4,Weekday
20171208,2017,12,4,5,Weekday
20171209,2017,12,4,6,Weekend
20171210,2017,12,4,7,Weekend
20171211,2017,12,4,1,Weekday
20171212,2017,12,4,2,Weekday
20171213,2017,12,4,3,Weekday
20171214,2017,12,4,4,Weekday
20171215,2017,12,4,5,Weekday
20171216,2017,12,4,6,Weekend
20171217,2017,12,4,7,Weekend
20171218,2017,12,4,1,Weekday
20171219,2017,12,4,2,Weekday
20171220,2017,12,4,3,Weekday
20171221,2017,12,4,4,Weekday
20171222,2017,12,4,5,Weekday
20171223,2017,12,4,6,Weekend
20171224,2017,12,4,7,Weekend
20171225,2017,12,4,1,Weekday
20171226,2017,12,4,2,Weekday
20171227,2017,12,4,3,Weekday
20171228,2017,12,4,4,Weekday
20171229,2017,12,4,5,Weekday
20171230,2017,12,4,6,Weekend
20171231,2017,12,4,7,Weekend
20180101,2018,1,1,1,Weekday
20180102,2018,1,1,2,Weekday
20180103,2018,1,1,3,Weekday
20180104,2018,1,1,4,Weekday
20180105,2018,1,1,5,Weekday
20180106,2018,1,1,6,Weekend
20180107,2018,1,1,7,Weekend
20180108,2018,1,1,1,Weekday
20180109,2018,1,1,2,Weekday
20180110,2018,1,1,3,Weekday
20180111,2018,1,1,4,Weekday
20180112,2018,1,1,5,Weekday
20180113,2018,1,1,6,Weekend
20180114,2018,1,1,7,Weekend
20180115,2018,1,1,1,Weekday
20180116,2018,1,1,2,Weekday
20180117,2018,1,1,3,Weekday
20180118,2018,1,1,4,Weekday
20180119,2018,1,1,5,Weekday
20180120,2018,1,1,6,Weekend
20180121,2018,1,1,7,Weekend
20180122,2018,1,1,1,Weekday
20180123,2018,1,1,2,Weekday
20180124,2018,1,1,3,Weekday
20180125,2018,1,1,4,Weekday
20180126,2018,1,1,5,Weekday
20180127,2018,1,1,6,Weekend
20180128,2018,1,1,7,Weekend
20180129,2018,1,1,1,Weekday
20180130,2018,1,1,2,Weekday
20180131,2018,1,1,3,Weekday
20180201,2018,2,1,4,Weekday
20180202,2018,2,1,5,Weekday
20180203,2018,2,1,6,Weekend
20180204,2018,2,1,7,Weekend
20180205,2018,2,1,1,Weekday
20180206,2018,2,1,2,Weekday
20180207,2018,2,1,3,Weekday
20180208,2018,2,1,4,Weekday
20180209,2018,2,1,5,Weekday
20180210,2018,2,1,6,Weekend
20180211,2018,2,1,7,Weekend
20180212,2018,2,1,1,Weekday
20180213,2018,2,1,2,Weekday
20180214,2018,2,1,3,Weekday
20180215,2018,2,1,4,Weekday
20180216,2018,2,1,5,Weekday
20180217,2018,2,1,6,Weekend
20180218,2018,2,1,7,Weekend
20180219,2018,2,1,1,Weekday
20180220,2018,2,1,2,Weekday
20180221,2018,2,1,3,Weekday
20180222,2018,2,1,4,Weekday
20180223,2018,2,1,5,Weekday
20180224,2018,2,1,6,Weekend
20180225,2018,2,1,7,Weekend
20180226,2018,2,1,1,Weekday
20180227,2018,2,1,2,Weekday
20180228,2018,2,1,3,Weekday
20180301,2018,3,1,4,Weekday
20180302,2018,3,1,5,Weekday
20180303,2018,3,1,6,Weekend
20180304,2018,3,1,7,Weekend
20180305,2018,3,1,1,Weekday
20180306,2018,3,1,2,Weekday
20180307,2018,3,1,3,Weekday
20180308,2018,3,1,4,Weekday
20180309,2018,3,1,5,Weekday
20180310,2018,3,1,6,Weekend
20180311,2018,3,1,7,Weekend
20180312,2018,3,1,1,Weekday
20180313,2018,3,1,2,Weekday
20180314,2018,3,1,3,Weekday
20180315,2018,3,1,4,Weekday
20180316,2018,3,1,5,Weekday
20180317,2018,3,1,6,Weekend
20180318,2018,3,1,7,Weekend
20180319,2018,3,1,1,Weekday
20180320,2018,3,1,2,Weekday
20180321,2018,3,1,3,Weekday
20180322,2018,3,1,4,Weekday
20180323,2018,3,1,5,Weekday
20180324,2018,3,1,6,Weekend
20180325,2018,3,1,7,Weekend
20180326,2018,3,1,1,Weekday
20180327,2018,3,1,2,Weekday
20180328,2018,3,1,3,Weekday
20180329,2018,3,1,4,Weekday
20180330,2018,3,1,5,Weekday
20180331,2018,3,1,6,Weekend
20180401,2018,4,2,7,Weekend
20180402,2018,4,2,1,Weekday
20180403,2018,4,2,2,Weekday
20180404,2018,4,2,3,Weekday
20180405,2018,4,2,4,Weekday
20180406,2018,4,2,5,Weekday
20180407,2018,4,2,6,Weekend
20180408,2018,4,2,7,Weekend
20180409,2018,4,2,1,Weekday
20180410,2018,4,2,2,Weekday
20180411,2018,4,2,3,Weekday
20180412,2018,4,2,4,Weekday
20180413,2018,4,2,5,Weekday
20180414,2018,4,2,6,Weekend
20180415,2018,4,2,7,Weekend
20180416,2018,4,2,1,Weekday
20180417,2018,4,2,2,Weekday
20180418,2018,4,2,3,Weekday
20180419,2018,4,2,4,Weekday
20180420,2018,4,2,5,Weekday
20180421,2018,4,2,6,Weekend
20180422,2018,4,2,7,Weekend
20180423,2018,4,2,1,Weekday
20180424,2018,4,2,2,Weekday
20180425,2018,4,2,3,Weekday
20180426,2018,4,2,4,Weekday
20180427,2018,4,2,5,Weekday
20180428,2018,4,2,6,Weekend
20180429,2018,4,2,7,Weekend
20180430,2018,4,2,1,Weekday
20180501,2018,5,2,2,Weekday
20180502,2018,5,2,3,Weekday
20180503,2018,5,2,4,Weekday
20180504,2018,5,2,5,Weekday
20180505,2018,5,2,6,Weekend
20180506,2018,5,2,7,Weekend
20180507,2018,5,2,1,Weekday
20180508,2018,5,2,2,Weekday
20180509,2018,5,2,3,Weekday
20180510,2018,5,2,4,Weekday
20180511,2018,5,2,5,Weekday
20180512,2018,5,2,6,Weekend
20180513,2018,5,2,7,Weekend
20180514,2018,5,2,1,Weekday
20180515,2018,5,2,2,Weekday
20180516,2018,5,2,3,Weekday
20180517,2018,5,2,4,Weekday
20180518,2018,5,2,5,Weekday
20180519,2018,5,2,6,Weekend
20180520,2018,5,2,7,Weekend
20180521,2018,5,2,1,Weekday
20180522,2018,5,2,2,Weekday
20180523,2018,5,2,3,Weekday
20180524,2018,5,2,4,Weekday
20180525,2018,5,2,5,Weekday
20180526,2018,5,2,6,Weekend
20180527,2018,5,2,7,Weekend
20180528,2018,5,2,1,Weekday
20180529,2018,5,2,2,Weekday
20180530,2018,5,2,3,Weekday
20180531,2018,5,2,4,Weekday
20180601,2018,6,2,5,Weekday
20180602,2018,6,2,6,Weekend
20180603,2018,6,2,7,Weekend
20180604,2018,6,2,1,Weekday
20180605,2018,6,2,2,Weekday
20180606,2018,6,2,3,Weekday
20180607,2018,6,2,4,Weekday
20180608,2018,6,2,5,Weekday
20180609,2018,6,2,6,Weekend
20180610,2018,6,2,7,Weekend
20180611,2018,6,2,1,Weekday
20180612,2018,6,2,2,Weekday
20180613,2018,6,2,3,Weekday
20180614,2018,6,2,4,Weekday
20180615,2018,6,2,5,Weekday
20180616,2018,6,2,6,Weekend
20180617,2018,6,2,7,Weekend
20180618,2018,6,2,1,Weekday
20180619,2018,6,2,2,Weekday
20180620,2018,6,2,3,Weekday
20180621,2018,6,2,4,Weekday
20180622,2018,6,2,5,Weekday
20180623,2018,6,2,6,Weekend
20180624,2018,6,2,7,Weekend
20180625,2018,6,2,1,Weekday
20180626,2018,6,2,2,Weekday
20180627,2018,6,2,3,Weekday
20180628,2018,6,2,4,Weekday
20180629,2018,6,2,5,Weekday
20180630,2018,6,2,6,Weekend
20180701,2018,7,3,7,Weekend
20180702,2018,7,3,1,Weekday
20180703,2018,7,3,2,Weekday
20180704,2018,7,3,3,Weekday
20180705,2018,7,3,4,Weekday
20180706,2018,7,3,5,Weekday
20180707,2018,7,3,6,Weekend
20180708,2018,7,3,7,Weekend
20180709,2018,7,3,1,Weekday
20180710,2018,7,3,2,Weekday
20180711,2018,7,3,3,Weekday
20180712,2018,7,3,4,Weekday
20180713,2018,7,3,5,Weekday
20180714,2018,7,3,6,Weekend
20180715,2018,7,3,7,Weekend
20180716,2018,7,3,1,Weekday
20180717,2018,7,3,2,Weekday
20180718,2018,7,3,3,Weekday
20180719,2018,7,3,4,Weekday
20180720,2018,7,3,5,Weekday
20180721,2018,7,3,6,Weekend
20180722,2018,7,3,7,Weekend
20180723,2018,7,3,1,Weekday
20180724,2018,7,3,2,Weekday
20180725,2018,7,3,3,Weekday
20180726,2018,7,3,4,Weekday
20180727,2018,7,3,5,Weekday
20180728,2018,7,3,6,Weekend
20180729,2018,7,3,7,Weekend
20180730,2018,7,3,1,Weekday
20180731,2018,7,3,2,Weekday
20180801,2018,8,3,3,Weekday
20180802,2018,8,3,4,Weekday
20180803,2018,8,3,5,Weekday
20180804,2018,8,3,6,Weekend
20180805,2018,8,3,7,Weekend
20180806,2018,8,3,1,Weekday
20180807,2018,8,3,2,Weekday
20180808,2018,8,3,3,Weekday
20180809,2018,8,3,4,Weekday
20180810,2018,8,3,5,Weekday
20180811,2018,8,3,6,Weekend
20180812,2018,8,3,7,Weekend
20180813,2018,8,3,1,Weekday
20180814,2018,8,3,2,Weekday
20180815,2018,8,3,3,Weekday
20180816,2018,8,3,4,Weekday
20180817,2018,8,3,5,Weekday
20180818,2018,8,3,6,Weekend
20180819,2018,8,3,7,Weekend
20180820,2018,8,3,1,Weekday
20180821,2018,8,3,2,Weekday
20180822,2018,8,3,3,Weekday
20180823,2018,8,3,4,Weekday
20180824,2018,8,3,5,Weekday
20180825,2018,8,3,6,Weekend
20180826,2018,8,3,7,Weekend
20180827,2018,8,3,1,Weekday
20180828,2018,8,3,2,Weekday
20180829,2018,8,3,3,Weekday
20180830,2018,8,3,4,Weekday
20180831,2018,8,3,5,Weekday
20180901,2018,9,3,6,Weekend
20180902,2018,9,3,7,Weekend
20180903,2018,9,3,1,Weekday
20180904,2018,9,3,2,Weekday
20180905,2018,9,3,3,Weekday
20180906,2018,9,3,4,Weekday
20180907,2018,9,3,5,Weekday
20180908,2018,9,3,6,Weekend
20180909,2018,9,3,7,Weekend
20180910,2018,9,3,1,Weekday
20180911,2018,9,3,2,Weekday
20180912,2018,9,3,3,Weekday
20180913,2018,9,3,4,Weekday
20180914,2018,9,3,5,Weekday
20180915,2018,9,3,6,Weekend
20180916,2018,9,3,7,Weekend
20180917,2018,9,3,1,Weekday
20180918,2018,9,3,2,Weekday
20180919,2018,9,3,3,Weekday
20180920,2018,9,3,4,Weekday
20180921,2018,9,3,5,Weekday
20180922,2018,9,3,6,Weekend
20180923,2018,9,3,7,Weekend
20180924,2018,9,3,1,Weekday
20180925,2018,9,3,2,Weekday
20180926,2018,9,3,3,Weekday
20180927,2018,9,3,4,Weekday
20180928,2018,9,3,5,Weekday
20180929,2018,9,3,6,Weekend
20180930,2018,9,3,7,Weekend
20181001,2018,10,4,1,Weekday
20181002,2018,10,4,2,Weekday
20181003,2018,10,4,3,Weekday
20181004,2018,10,4,4,Weekday
20181005,2018,10,4,5,Weekday
20181006,2018,10,4,6,Weekend
20181007,2018,10,4,7,Weekend
20181008,2018,10,4,1,Weekday
20181009,2018,10,4,2,Weekday
20181010,2018,10,4,3,Weekday
20181011,2018,10,4,4,Weekday
20181012,2018,10,4,5,Weekday
20181013,2018,10,4,6,Weekend
20181014,2018,10,4,7,Weekend
20181015,2018,10,4,1,Weekday
20181016,2018,10,4,2,Weekday
20181017,2018,10,4,3,Weekday
20181018,2018,10,4,4,Weekday
20181019,2018,10,4,5,Weekday
20181020,2018,10,4,6,Weekend
20181021,2018,10,4,7,Weekend
20181022,2018,10,4,1,Weekday
20181023,2018,10,4,2,Weekday
20181024,2018,10,4,3,Weekday
20181025,2018,10,4,4,Weekday
20181026,2018,10,4,5,Weekday
20181027,2018,10,4,6,Weekend
20181028,2018,10,4,7,Weekend
20181029,2018,10,4,1,Weekday
20181030,2018,10,4,2,Weekday
20181031,2018,10,4,3,Weekday
20181101,2018,11,4,4,Weekday
20181102,2018,11,4,5,Weekday
20181103,2018,11,4,6,Weekend
20181104,2018,11,4,7,Weekend
20181105,2018,11,4,1,Weekday
20181106,2018,11,4,2,Weekday
20181107,2018,11,4,3,Weekday
20181108,2018,11,4,4,Weekday
20181109,2018,11,4,5,Weekday
20181110,2018,11,4,6,Weekend
20181111,2018,11,4,7,Weekend
20181112,2018,11,4,1,Weekday
20181113,2018,11,4,2,Weekday
20181114,2018,11,4,3,Weekday
20181115,2018,11,4,4,Weekday
20181116,2018,11,4,5,Weekday
20181117,2018,11,4,6,Weekend
20181118,2018,11,4,7,Weekend
20181119,2018,11,4,1,Weekday
20181120,2018,11,4,2,Weekday
20181121,2018,11,4,3,Weekday
20181122,2018,11,4,4,Weekday
20181123,2018,11,4,5,Weekday
20181124,2018,11,4,6,Weekend
20181125,2018,11,4,7,Weekend
20181126,2018,11,4,1,Weekday
20181127,2018,11,4,2,Weekday
20181128,2018,11,4,3,Weekday
20181129,2018,11,4,4,Weekday
20181130,2018,11,4,5,Weekday
20181201,2018,12,4,6,Weekend
20181202,2018,12,4,7,Weekend
20181203,2018,12,4,1,Weekday
20181204,2018,12,4,2,Weekday
20181205,2018,12,4,3,Weekday
20181206,2018,12,4,4,Weekday
20181207,2018,12,4,5,Weekday
20181208,2018,12,4,6,Weekend
20181209,2018,12,4,7,Weekend
20181210,2018,12,4,1,Weekday
20181211,2018,12,4,2,Weekday
20181212,2018,12,4,3,Weekday
20181213,2018,12,4,4,Weekday
20181214,2018,12,4,5,Weekday
20181215,2018,12,4,6,Weekend
20181216,2018,12,4,7,Weekend
20181217,2018,12,4,1,Weekday
20181218,2018,12,4,2,Weekday
20181219,2018,12,4,3,Weekday
20181220,2018,12,4,4,Weekday
20181221,2018,12,4,5,Weekday
20181222,2018,12,4,6,Weekend
20181223,2018,12,4,7,Weekend
20181224,2018,12,4,1,Weekday
20181225,2018,12,4,2,Weekday
20181226,2018,12,4,3,Weekday
20181227,2018,12,4,4,Weekday
20181228,2018,12,4,5,Weekday
20181229,2018,12,4,6,Weekend
20181230,2018,12,4,7,Weekend
20181231,2018,12,4,1,Weekday
20190101,2019,1,1,2,Weekday
20190102,2019,1,1,3,Weekday
20190103,2019,1,1,4,Weekday
20190104,2019,1,1,5,Weekday
20190105,2019,1,1,6,Weekend
20190106,2019,1,1,7,Weekend
20190107,2019,1,1,1,Weekday
20190108,2019,1,1,2,Weekday
20190109,2019,1,1,3,Weekday
20190110,2019,1,1,4,Weekday
20190111,2019,1,1,5,Weekday
20190112,2019,1,1,6,Weekend
20190113,2019,1,1,7,Weekend
20190114,2019,1,1,1,Weekday
20190115,2019,1,1,2,Weekday
20190116,2019,1,1,3,Weekday
20190117,2019,1,1,4,Weekday
20190118,2019,1,1,5,Weekday
20190119,2019,1,1,6,Weekend
20190120,2019,1,1,7,Weekend
20190121,2019,1,1,1,Weekday
20190122,2019,1,1,2,Weekday
20190123,2019,1,1,3,Weekday
20190124,2019,1,1,4,Weekday
20190125,2019,1,1,5,Weekday
20190126,2019,1,1,6,Weekend
20190127,2019,1,1,7,Weekend
20190128,2019,1,1,1,Weekday
20190129,2019,1,1,2,Weekday
20190130,2019,1,1,3,Weekday
20190131,2019,1,1,4,Weekday
20190201,2019,2,1,5,Weekday
20190202,2019,2,1,6,Weekend
20190203,2019,2,1,7,Weekend
20190204,2019,2,1,1,Weekday
20190205,2019,2,1,2,Weekday
20190206,2019,2,1,3,Weekday
20190207,2019,2,1,4,Weekday
20190208,2019,2,1,5,Weekday
20190209,2019,2,1,6,Weekend
20190210,2019,2,1,7,Weekend
20190211,2019,2,1,1,Weekday
20190212,2019,2,1,2,Weekday
20190213,2019,2,1,3,Weekday
20190214,2019,2,1,4,Weekday
20190215,2019,2,1,5,Weekday
20190216,2019,2,1,6,Weekend
20190217,2019,2,1,7,Weekend
20190218,2019,2,1,1,Weekday
20190219,2019,2,1,2,Weekday
20190220,2019,2,1,3,Weekday
20190221,2019,2,1,4,Weekday
20190222,2019,2,1,5,Weekday
20190223,2019,2,1,6,Weekend
20190224,2019,2,1,7,Weekend
20190225,2019,2,1,1,Weekday
20190226,2019,2,1,2,Weekday
20190227,2019,2,1,3,Weekday
20190228,2019,2,1,4,Weekday
20190301,2019,3,1,5,Weekday
20190302,2019,3,1,6,Weekend
20190303,2019,3,1,7,Weekend
20190304,2019,3,1,1,Weekday
20190305,2019,3,1,2,Weekday
20190306,2019,3,1,3,Weekday
20190307,2019,3,1,4,Weekday
20190308,2019,3,1,5,Weekday
20190309,2019,3,1,6,Weekend
20190310,2019,3,1,7,Weekend
20190311,2019,3,1,1,Weekday
20190312,2019,3,1,2,Weekday
20190313,2019,3,1,3,Weekday
20190314,2019,3,1,4,Weekday
20190315,2019,3,1,5,Weekday
20190316,2019,3,1,6,Weekend
20190317,2019,3,1,7,Weekend
20190318,2019,3,1,1,Weekday
20190319,2019,3,1,2,Weekday
20190320,2019,3,1,3,Weekday
20190321,2019,3,1,4,Weekday
20190322,2019,3,1,5,Weekday
20190323,2019,3,1,6,Weekend
20190324,2019,3,1,7,Weekend
20190325,2019,3,1,1,Weekday
20190326,2019,3,1,2,Weekday
20190327,2019,3,1,3,Weekday
20190328,2019,3,1,4,Weekday
20190329,2019,3,1,5,Weekday
20190330,2019,3,1,6,Weekend
20190331,2019,3,1,7,Weekend
20190401,2019,4,2,1,Weekday
20190402,2019,4,2,2,Weekday
20190403,2019,4,2,3,Weekday
20190404,2019,4,2,4,Weekday
20190405,2019,4,2,5,Weekday
20190406,2019,4,2,6,Weekend
20190407,2019,4,2,7,Weekend
20190408,2019,4,2,1,Weekday
20190409,2019,4,2,2,Weekday
20190410,2019,4,2,3,Weekday
20190411,2019,4,2,4,Weekday
20190412,2019,4,2,5,Weekday
20190413,2019,4,2,6,Weekend
20190414,2019,4,2,7,Weekend
20190415,2019,4,2,1,Weekday
20190416,2019,4,2,2,Weekday
20190417,2019,4,2,3,Weekday
20190418,2019,4,2,4,Weekday
20190419,2019,4,2,5,Weekday
20190420,2019,4,2,6,Weekend
20190421,2019,4,2,7,Weekend
20190422,2019,4,2,1,Weekday
20190423,2019,4,2,2,Weekday
20190424,2019,4,2,3,Weekday
20190425,2019,4,2,4,Weekday
20190426,2019,4,2,5,Weekday
20190427,2019,4,2,6,Weekend
20190428,2019,4,2,7,Weekend
20190429,2019,4,2,1,Weekday
20190430,2019,4,2,2,Weekday
20190501,2019,5,2,3,Weekday
20190502,2019,5,2,4,Weekday
20190503,2019,5,2,5,Weekday
20190504,2019,5,2,6,Weekend
20190505,2019,5,2,7,Weekend
20190506,2019,5,2,1,Weekday
20190507,2019,5,2,2,Weekday
20190508,2019,5,2,3,Weekday
20190509,2019,5,2,4,Weekday
20190510,2019,5,2,5,Weekday
20190511,2019,5,2,6,Weekend
20190512,2019,5,2,7,Weekend
20190513,2019,5,2,1,Weekday
20190514,2019,5,2,2,Weekday
20190515,2019,5,2,3,Weekday
20190516,2019,5,2,4,Weekday
20190517,2019,5,2,5,Weekday
20190518,2019,5,2,6,Weekend
20190519,2019,5,2,7,Weekend
20190520,2019,5,2,1,Weekday
20190521,2019,5,2,2,Weekday
20190522,2019,5,2,3,Weekday
20190523,2019,5,2,4,Weekday
20190524,2019,5,2,5,Weekday
20190525,2019,5,2,6,Weekend
20190526,2019,5,2,7,Weekend
20190527,2019,5,2,1,Weekday
20190528,2019,5,2,2,Weekday
20190529,2019,5,2,3,Weekday
20190530,2019,5,2,4,Weekday
20190531,2019,5,2,5,Weekday
20190601,2019,6,2,6,Weekend
20190602,2019,6,2,7,Weekend
20190603,2019,6,2,1,Weekday
20190604,2019,6,2,2,Weekday
20190605,2019,6,2,3,Weekday
20190606,2019,6,2,4,Weekday
20190607,2019,6,2,5,Weekday
20190608,2019,6,2,6,Weekend
20190609,2019,6,2,7,Weekend
20190610,2019,6,2,1,Weekday
20190611,2019,6,2,2,Weekday
20190612,2019,6,2,3,Weekday
20190613,2019,6,2,4,Weekday
20190614,2019,6,2,5,Weekday
20190615,2019,6,2,6,Weekend
20190616,2019,6,2,7,Weekend
20190617,2019,6,2,1,Weekday
20190618,2019,6,2,2,Weekday
20190619,2019,6,2,3,Weekday
20190620,2019,6,2,4,Weekday
20190621,2019,6,2,5,Weekday
20190622,2019,6,2,6,Weekend
20190623,2019,6,2,7,Weekend
20190624,2019,6,2,1,Weekday
20190625,2019,6,2,2,Weekday
20190626,2019,6,2,3,Weekday
20190627,2019,6,2,4,Weekday
20190628,2019,6,2,5,Weekday
20190629,2019,6,2,6,Weekend
20190630,2019,6,2,7,Weekend
20190701,2019,7,3,1,Weekday
20190702,2019,7,3,2,Weekday
20190703,2019,7,3,3,Weekday
20190704,2019,7,3,4,Weekday
20190705,2019,7,3,5,Weekday
20190706,2019,7,3,6,Weekend
20190707,2019,7,3,7,Weekend
20190708,2019,7,3,1,Weekday
20190709,2019,7,3,2,Weekday
20190710,2019,7,3,3,Weekday
20190711,2019,7,3,4,Weekday
20190712,2019,7,3,5,Weekday
20190713,2019,7,3,6,Weekend
20190714,2019,7,3,7,Weekend
20190715,2019,7,3,1,Weekday
20190716,2019,7,3,2,Weekday
20190717,2019,7,3,3,Weekday
20190718,2019,7,3,4,Weekday
20190719,2019,7,3,5,Weekday
20190720,2019,7,3,6,Weekend
20190721,2019,7,3,7,Weekend
20190722,2019,7,3,1,Weekday
20190723,2019,7,3,2,Weekday
20190724,2019,7,3,3,Weekday
20190725,2019,7,3,4,Weekday
20190726,2019,7,3,5,Weekday
20190727,2019,7,3,6,Weekend
20190728,2019,7,3,7,Weekend
20190729,2019,7,3,1,Weekday
20190730,2019,7,3,2,Weekday
20190731,2019,7,3,3,Weekday
20190801,2019,8,3,4,Weekday
20190802,2019,8,3,5,Weekday
20190803,2019,8,3,6,Weekend
20190804,2019,8,3,7,Weekend
20190805,2019,8,3,1,Weekday
20190806,2019,8,3,2,Weekday
20190807,2019,8,3,3,Weekday
20190808,2019,8,3,4,Weekday
20190809,2019,8,3,5,Weekday
20190810,2019,8,3,6,Weekend
20190811,2019,8,3,7,Weekend
20190812,2019,8,3,1,Weekday
20190813,2019,8,3,2,Weekday
20190814,2019,8,3,3,Weekday
20190815,2019,8,3,4,Weekday
20190816,2019,8,3,5,Weekday
20190817,2019,8,3,6,Weekend
20190818,2019,8,3,7,Weekend
20190819,2019,8,3,1,Weekday
20190820,2019,8,3,2,Weekday
20190821,2019,8,3,3,Weekday
20190822,2019,8,3,4,Weekday
20190823,2019,8,3,5,Weekday
20190824,2019,8,3,6,Weekend
20190825,2019,8,3,7,Weekend
20190826,2019,8,3,1,Weekday
20190827,2019,8,3,2,Weekday
20190828,2019,8,3,3,Weekday
20190829,2019,8,3,4,Weekday
20190830,2019,8,3,5,Weekday
20190831,2019,8,3,6,Weekend
20190901,2019,9,3,7,Weekend
20190902,2019,9,3,1,Weekday
20190903,2019,9,3,2,Weekday
20190904,2019,9,3,3,Weekday
20190905,2019,9,3,4,Weekday
20190906,2019,9,3,5,Weekday
20190907,2019,9,3,6,Weekend
20190908,2019,9,3,7,Weekend
20190909,2019,9,3,1,Weekday
20190910,2019,9,3,2,Weekday
20190911,2019,9,3,3,Weekday
20190912,2019,9,3,4,Weekday
20190913,2019,9,3,5,Weekday
20190914,2019,9,3,6,Weekend
20190915,2019,9,3,7,Weekend
20190916,2019,9,3,1,Weekday
20190917,2019,9,3,2,Weekday
20190918,2019,9,3,3,Weekday
20190919,2019,9,3,4,Weekday
20190920,2019,9,3,5,Weekday
20190921,2019,9,3,6,Weekend
20190922,2019,9,3,7,Weekend
20190923,2019,9,3,1,Weekday
20190924,2019,9,3,2,Weekday
20190925,2019,9,3,3,Weekday
20190926,2019,9,3,4,Weekday
20190927,2019,9,3,5,Weekday
20190928,2019,9,3,6,Weekend
20190929,2019,9,3,7,Weekend
20190930,2019,9,3,1,Weekday
20191001,2019,10,4,2,Weekday
20191002,2019,10,4,3,Weekday
20191003,2019,10,4,4,Weekday
20191004,2019,10,4,5,Weekday
20191005,2019,10,4,6,Weekend
20191006,2019,10,4,7,Weekend
20191007,2019,10,4,1,Weekday
20191008,2019,10,4,2,Weekday
20191009,2019,10,4,3,Weekday
20191010,2019,10,4,4,Weekday
20191011,2019,10,4,5,Weekday
20191012,2019,10,4,6,Weekend
20191013,2019,10,4,7,Weekend
20191014,2019,10,4,1,Weekday
20191015,2019,10,4,2,Weekday
20191016,2019,10,4,3,Weekday
20191017,2019,10,4,4,Weekday
20191018,2019,10,4,5,Weekday
20191019,2019,10,4,6,Weekend
20191020,2019,10,4,7,Weekend
20191021,2019,10,4,1,Weekday
20191022,2019,10,4,2,Weekday
20191023,2019,10,4,3,Weekday
20191024,2019,10,4,4,Weekday
20191025,2019,10,4,5,Weekday
20191026,2019,10,4,6,Weekend
20191027,2019,10,4,7,Weekend
20191028,2019,10,4,1,Weekday
20191029,2019,10,4,2,Weekday
20191030,2019,10,4,3,Weekday
20191031,2019,10,4,4,Weekday
20191101,2019,11,4,5,Weekday
20191102,2019,11,4,6,Weekend
20191103,2019,11,4,7,Weekend
20191104,2019,11,4,1,Weekday
20191105,2019,11,4,2,Weekday
20191106,2019,11,4,3,Weekday
20191107,2019,11,4,4,Weekday
20191108,2019,11,4,5,Weekday
20191109,2019,11,4,6,Weekend
20191110,2019,11,4,7,Weekend
20191111,2019,11,4,1,Weekday
20191112,2019,11,4,2,Weekday
20191113,2019,11,4,3,Weekday
20191114,2019,11,4,4,Weekday
20191115,2019,11,4,5,Weekday
20191116,2019,11,4,6,Weekend
20191117,2019,11,4,7,Weekend
20191118,2019,11,4,1,Weekday
20191119,2019,11,4,2,Weekday
20191120,2019,11,4,3,Weekday
20191121,2019,11,4,4,Weekday
20191122,2019,11,4,5,Weekday
20191123,2019,11,4,6,Weekend
20191124,2019,11,4,7,Weekend
20191125,2019,11,4,1,Weekday
20191126,2019,11,4,2,Weekday
20191127,2019,11,4,3,Weekday
20191128,2019,11,4,4,Weekday
20191129,2019,11,4,5,Weekday
20191130,2019,11,4,6,Weekend
20191201,2019,12,4,7,Weekend
20191202,2019,12,4,1,Weekday
20191203,2019,12,4,2,Weekday
20191204,2019,12,4,3,Weekday
20191205,2019,12,4,4,Weekday
20191206,2019,12,4,5,Weekday
20191207,2019,12,4,6,Weekend
20191208,2019,12,4,7,Weekend
20191209,2019,12,4,1,Weekday
20191210,2019,12,4,2,Weekday
20191211,2019,12,4,3,Weekday
20191212,2019,12,4,4,Weekday
20191213,2019,12,4,5,Weekday
20191214,2019,12,4,6,Weekend
20191215,2019,12,4,7,Weekend
20191216,2019,12,4,1,Weekday
20191217,2019,12,4,2,Weekday
20191218,2019,12,4,3,Weekday
20191219,2019,12,4,4,Weekday
20191220,2019,12,4,5,Weekday
20191221,2019,12,4,6,Weekend
20191222,2019,12,4,7,Weekend
20191223,2019,12,4,1,Weekday
20191224,2019,12,4,2,Weekday
20191225,2019,12,4,3,Weekday
20191226,2019,12,4,4,Weekday
20191227,2019,12,4,5,Weekday
20191228,2019,12,4,6,Weekend
20191229,2019,12,4,7,Weekend
20191230,2019,12,4,1,Weekday
20191231,2019,12,4,2,Weekday
20200101,2020,1,1,3,Weekday
20200102,2020,1,1,4,Weekday
20200103,2020,1,1,5,Weekday
20200104,2020,1,1,6,Weekend
20200105,2020,1,1,7,Weekend
20200106,2020,1,1,1,Weekday
20200107,2020,1,1,2,Weekday
20200108,2020,1,1,3,Weekday
20200109,2020,1,1,4,Weekday
20200110,2020,1,1,5,Weekday
20200111,2020,1,1,6,Weekend
20200112,2020,1,1,7,Weekend
20200113,2020,1,1,1,Weekday
20200114,2020,1,1,2,Weekday
20200115,2020,1,1,3,Weekday
20200116,2020,1,1,4,Weekday
20200117,2020,1,1,5,Weekday
20200118,2020,1,1,6,Weekend
20200119,2020,1,1,7,Weekend
20200120,2020,1,1,1,Weekday
20200121,2020,1,1,2,Weekday
20200122,2020,1,1,3,Weekday
20200123,2020,1,1,4,Weekday
20200124,2020,1,1,5,Weekday
20200125,2020,1,1,6,Weekend
20200126,2020,1,1,7,Weekend
20200127,2020,1,1,1,Weekday
20200128,2020,1,1,2,Weekday
20200129,2020,1,1,3,Weekday
20200130,2020,1,1,4,Weekday
20200131,2020,1,1,5,Weekday
20200201,2020,2,1,6,Weekend
20200202,2020,2,1,7,Weekend
20200203,2020,2,1,1,Weekday
20200204,2020,2,1,2,Weekday
20200205,2020,2,1,3,Weekday
20200206,2020,2,1,4,Weekday
20200207,2020,2,1,5,Weekday
20200208,2020,2,1,6,Weekend
20200209,2020,2,1,7,Weekend
20200210,2020,2,1,1,Weekday
20200211,2020,2,1,2,Weekday
20200212,2020,2,1,3,Weekday
20200213,2020,2,1,4,Weekday
20200214,2020,2,1,5,Weekday
20200215,2020,2,1,6,Weekend
20200216,2020,2,1,7,Weekend
20200217,2020,2,1,1,Weekday
20200218,2020,2,1,2,Weekday
20200219,2020,2,1,3,Weekday
20200220,2020,2,1,4,Weekday
20200221,2020,2,1,5,Weekday
20200222,2020,2,1,6,Weekend
20200223,2020,2,1,7,Weekend
20200224,2020,2,1,1,Weekday
20200225,2020,2,1,2,Weekday
20200226,2020,2,1,3,Weekday
20200227,2020,2,1,4,Weekday
20200228,2020,2,1,5,Weekday
20200229,2020,2,1,6,Weekend
20200301,2020,3,1,7,Weekend
20200302,2020,3,1,1,Weekday
20200303,2020,3,1,2,Weekday
20200304,2020,3,1,3,Weekday
20200305,2020,3,1,4,Weekday
20200306,2020,3,1,5,Weekday
20200307,2020,3,1,6,Weekend
20200308,2020,3,1,7,Weekend
20200309,2020,3,1,1,Weekday
20200310,2020,3,1,2,Weekday
20200311,2020,3,1,3,Weekday
20200312,2020,3,1,4,Weekday
20200313,2020,3,1,5,Weekday
20200314,2020,3,1,6,Weekend
20200315,2020,3,1,7,Weekend
20200316,2020,3,1,1,Weekday
20200317,2020,3,1,2,Weekday
20200318,2020,3,1,3,Weekday
20200319,2020,3,1,4,Weekday
20200320,2020,3,1,5,Weekday
20200321,2020,3,1,6,Weekend
20200322,2020,3,1,7,Weekend
20200323,2020,3,1,1,Weekday
20200324,2020,3,1,2,Weekday
20200325,2020,3,1,3,Weekday
20200326,2020,3,1,4,Weekday
20200327,2020,3,1,5,Weekday
20200328,2020,3,1,6,Weekend
20200329,2020,3,1,7,Weekend
20200330,2020,3,1,1,Weekday
20200331,2020,3,1,2,Weekday
20200401,2020,4,2,3,Weekday
20200402,2020,4,2,4,Weekday
20200403,2020,4,2,5,Weekday
20200404,2020,4,2,6,Weekend
20200405,2020,4,2,7,Weekend
20200406,2020,4,2,1,Weekday
20200407,2020,4,2,2,Weekday
20200408,2020,4,2,3,Weekday
20200409,2020,4,2,4,Weekday
20200410,2020,4,2,5,Weekday
20200411,2020,4,2,6,Weekend
20200412,2020,4,2,7,Weekend
20200413,2020,4,2,1,Weekday
20200414,2020,4,2,2,Weekday
20200415,2020,4,2,3,Weekday
20200416,2020,4,2,4,Weekday
20200417,2020,4,2,5,Weekday
20200418,2020,4,2,6,Weekend
20200419,2020,4,2,7,Weekend
20200420,2020,4,2,1,Weekday
20200421,2020,4,2,2,Weekday
20200422,2020,4,2,3,Weekday
20200423,2020,4,2,4,Weekday
20200424,2020,4,2,5,Weekday
20200425,2020,4,2,6,Weekend
20200426,2020,4,2,7,Weekend
20200427,2020,4,2,1,Weekday
20200428,2020,4,2,2,Weekday
20200429,2020,4,2,3,Weekday
20200430,2020,4,2,4,Weekday
20200501,2020,5,2,5,Weekday
20200502,2020,5,2,6,Weekend
20200503,2020,5,2,7,Weekend
20200504,2020,5,2,1,Weekday
20200505,2020,5,2,2,Weekday
20200506,2020,5,2,3,Weekday
20200507,2020,5,2,4,Weekday
20200508,2020,5,2,5,Weekday
20200509,2020,5,2,6,Weekend
20200510,2020,5,2,7,Weekend
20200511,2020,5,2,1,Weekday
20200512,2020,5,2,2,Weekday
20200513,2020,5,2,3,Weekday
20200514,2020,5,2,4,Weekday
20200515,2020,5,2,5,Weekday
20200516,2020,5,2,6,Weekend
20200517,2020,5,2,7,Weekend
20200518,2020,5,2,1,Weekday
20200519,2020,5,2,2,Weekday
20200520,2020,5,2,3,Weekday
20200521,2020,5,2,4,Weekday
20200522,2020,5,2,5,Weekday
20200523,2020,5,2,6,Weekend
20200524,2020,5,2,7,Weekend
20200525,2020,5,2,1,Weekday
20200526,2020,5,2,2,Weekday
20200527,2020,5,2,3,Weekday
20200528,2020,5,2,4,Weekday
20200529,2020,5,2,5,Weekday
20200530,2020,5,2,6,Weekend
20200531,2020,5,2,7,Weekend
20200601,2020,6,2,1,Weekday
20200602,2020,6,2,2,Weekday
20200603,2020,6,2,3,Weekday
20200604,2020,6,2,4,Weekday
20200605,2020,6,2,5,Weekday
20200606,2020,6,2,6,Weekend
20200607,2020,6,2,7,Weekend
20200608,2020,6,2,1,Weekday
20200609,2020,6,2,2,Weekday
20200610,2020,6,2,3,Weekday
20200611,2020,6,2,4,Weekday
20200612,2020,6,2,5,Weekday
20200613,2020,6,2,6,Weekend
20200614,2020,6,2,7,Weekend
20200615,2020,6,2,1,Weekday
20200616,2020,6,2,2,Weekday
20200617,2020,6,2,3,Weekday
20200618,2020,6,2,4,Weekday
20200619,2020,6,2,5,Weekday
20200620,2020,6,2,6,Weekend
20200621,2020,6,2,7,Weekend
20200622,2020,6,2,1,Weekday
20200623,2020,6,2,2,Weekday
20200624,2020,6,2,3,Weekday
20200625,2020,6,2,4,Weekday
20200626,2020,6,2,5,Weekday
20200627,2020,6,2,6,Weekend
20200628,2020,6,2,7,Weekend
20200629,2020,6,2,1,Weekday
20200630,2020,6,2,2,Weekday
20200701,2020,7,3,3,Weekday
20200702,2020,7,3,4,Weekday
20200703,2020,7,3,5,Weekday
20200704,2020,7,3,6,Weekend
20200705,2020,7,3,7,Weekend
20200706,2020,7,3,1,Weekday
20200707,2020,7,3,2,Weekday
20200708,2020,7,3,3,Weekday
20200709,2020,7,3,4,Weekday
20200710,2020,7,3,5,Weekday
20200711,2020,7,3,6,Weekend
20200712,2020,7,3,7,Weekend
20200713,2020,7,3,1,Weekday
20200714,2020,7,3,2,Weekday
20200715,2020,7,3,3,Weekday
20200716,2020,7,3,4,Weekday
20200717,2020,7,3,5,Weekday
20200718,2020,7,3,6,Weekend
20200719,2020,7,3,7,Weekend
20200720,2020,7,3,1,Weekday
20200721,2020,7,3,2,Weekday
20200722,2020,7,3,3,Weekday
20200723,2020,7,3,4,Weekday
20200724,2020,7,3,5,Weekday
20200725,2020,7,3,6,Weekend
20200726,2020,7,3,7,Weekend
20200727,2020,7,3,1,Weekday
20200728,2020,7,3,2,Weekday
20200729,2020,7,3,3,Weekday
20200730,2020,7,3,4,Weekday
20200731,2020,7,3,5,Weekday
20200801,2020,8,3,6,Weekend
20200802,2020,8,3,7,Weekend
20200803,2020,8,3,1,Weekday
20200804,2020,8,3,2,Weekday
20200805,2020,8,3,3,Weekday
20200806,2020,8,3,4,Weekday
20200807,2020,8,3,5,Weekday
20200808,2020,8,3,6,Weekend
20200809,2020,8,3,7,Weekend
20200810,2020,8,3,1,Weekday
20200811,2020,8,3,2,Weekday
20200812,2020,8,3,3,Weekday
20200813,2020,8,3,4,Weekday
20200814,2020,8,3,5,Weekday
20200815,2020,8,3,6,Weekend
20200816,2020,8,3,7,Weekend
20200817,2020,8,3,1,Weekday
20200818,2020,8,3,2,Weekday
20200819,2020,8,3,3,Weekday
20200820,2020,8,3,4,Weekday
20200821,2020,8,3,5,Weekday
20200822,2020,8,3,6,Weekend
20200823,2020,8,3,7,Weekend
20200824,2020,8,3,1,Weekday
20200825,2020,8,3,2,Weekday
20200826,2020,8,3,3,Weekday
20200827,2020,8,3,4,Weekday
20200828,2020,8,3,5,Weekday
20200829,2020,8,3,6,Weekend
20200830,2020,8,3,7,Weekend
20200831,2020,8,3,1,Weekday
20200901,2020,9,3,2,Weekday
20200902,2020,9,3,3,Weekday
20200903,2020,9,3,4,Weekday
20200904,2020,9,3,5,Weekday
20200905,2020,9,3,6,Weekend
20200906,2020,9,3,7,Weekend
20200907,2020,9,3,1,Weekday
20200908,2020,9,3,2,Weekday
20200909,2020,9,3,3,Weekday
20200910,2020,9,3,4,Weekday
20200911,2020,9,3,5,Weekday
20200912,2020,9,3,6,Weekend
20200913,2020,9,3,7,Weekend
20200914,2020,9,3,1,Weekday
20200915,2020,9,3,2,Weekday
20200916,2020,9,3,3,Weekday
20200917,2020,9,3,4,Weekday
20200918,2020,9,3,5,Weekday
20200919,2020,9,3,6,Weekend
20200920,2020,9,3,7,Weekend
20200921,2020,9,3,1,Weekday
20200922,2020,9,3,2,Weekday
20200923,2020,9,3,3,Weekday
20200924,2020,9,3,4,Weekday
20200925,2020,9,3,5,Weekday
20200926,2020,9,3,6,Weekend
20200927,2020,9,3,7,Weekend
20200928,2020,9,3,1,Weekday
20200929,2020,9,3,2,Weekday
20200930,2020,9,3,3,Weekday
20201001,2020,10,4,4,Weekday
20201002,2020,10,4,5,Weekday
20201003,2020,10,4,6,Weekend
20201004,2020,10,4,7,Weekend
20201005,2020,10,4,1,Weekday
20201006,2020,10,4,2,Weekday
20201007,2020,10,4,3,Weekday
20201008,2020,10,4,4,Weekday
20201009,2020,10,4,5,Weekday
20201010,2020,10,4,6,Weekend
20201011,2020,10,4,7,Weekend
20201012,2020,10,4,1,Weekday
20201013,2020,10,4,2,Weekday
20201014,2020,10,4,3,Weekday
20201015,2020,10,4,4,Weekday
20201016,2020,10,4,5,Weekday
20201017,2020,10,4,6,Weekend
20201018,2020,10,4,7,Weekend
20201019,2020,10,4,1,Weekday
20201020,2020,10,4,2,Weekday
20201021,2020,10,4,3,Weekday
20201022,2020,10,4,4,Weekday
20201023,2020,10,4,5,Weekday
20201024,2020,10,4,6,Weekend
20201025,2020,10,4,7,Weekend
20201026,2020,10,4,1,Weekday
20201027,2020,10,4,2,Weekday
20201028,2020,10,4,3,Weekday
20201029,2020,10,4,4,Weekday
20201030,2020,10,4,5,Weekday
20201031,2020,10,4,6,Weekend
20201101,2020,11,4,7,Weekend
20201102,2020,11,4,1,Weekday
20201103,2020,11,4,2,Weekday
20201104,2020,11,4,3,Weekday
20201105,2020,11,4,4,Weekday
20201106,2020,11,4,5,Weekday
20201107,2020,11,4,6,Weekend
20201108,2020,11,4,7,Weekend
20201109,2020,11,4,1,Weekday
20201110,2020,11,4,2,Weekday
20201111,2020,11,4,3,Weekday
20201112,2020,11,4,4,Weekday
20201113,2020,11,4,5,Weekday
20201114,2020,11,4,6,Weekend
20201115,2020,11,4,7,Weekend
20201116,2020,11,4,1,Weekday
20201117,2020,11,4,2,Weekday
20201118,2020,11,4,3,Weekday
20201119,2020,11,4,4,Weekday
20201120,2020,11,4,5,Weekday
20201121,2020,11,4,6,Weekend
20201122,2020,11,4,7,Weekend
20201123,2020,11,4,1,Weekday
20201124,2020,11,4,2,Weekday
20201125,2020,11,4,3,Weekday
20201126,2020,11,4,4,Weekday
20201127,2020,11,4,5,Weekday
20201128,2020,11,4,6,Weekend
20201129,2020,11,4,7,Weekend
20201130,2020,11,4,1,Weekday
20201201,2020,12,4,2,Weekday
20201202,2020,12,4,3,Weekday
20201203,2020,12,4,4,Weekday
20201204,2020,12,4,5,Weekday
20201205,2020,12,4,6,Weekend
20201206,2020,12,4,7,Weekend
20201207,2020,12,4,1,Weekday
20201208,2020,12,4,2,Weekday
20201209,2020,12,4,3,Weekday
20201210,2020,12,4,4,Weekday
20201211,2020,12,4,5,Weekday
20201212,2020,12,4,6,Weekend
20201213,2020,12,4,7,Weekend
20201214,2020,12,4,1,Weekday
20201215,2020,12,4,2,Weekday
20201216,2020,12,4,3,Weekday
20201217,2020,12,4,4,Weekday
20201218,2020,12,4,5,Weekday
20201219,2020,12,4,6,Weekend
20201220,2020,12,4,7,Weekend
20201221,2020,12,4,1,Weekday
20201222,2020,12,4,2,Weekday
20201223,2020,12,4,3,Weekday
20201224,2020,12,4,4,Weekday
20201225,2020,12,4,5,Weekday
20201226,2020,12,4,6,Weekend
20201227,2020,12,4,7,Weekend
20201228,2020,12,4,1,Weekday
20201229,2020,12,4,2,Weekday
20201230,2020,12,4,3,Weekday
20201231,2020,12,4,4,Weekday
20210101,2021,1,1,5,Weekday
20210102,2021,1,1,6,Weekend
20210103,2021,1,1,7,Weekend
20210104,2021,1,1,1,Weekday
20210105,2021,1,1,2,Weekday
20210106,2021,1,1,3,Weekday
20210107,2021,1,1,4,Weekday
20210108,2021,1,1,5,Weekday
20210109,2021,1,1,6,Weekend
20210110,2021,1,1,7,Weekend
20210111,2021,1,1,1,Weekday
20210112,2021,1,1,2,Weekday
20210113,2021,1,1,3,Weekday
20210114,2021,1,1,4,Weekday
20210115,2021,1,1,5,Weekday
20210116,2021,1,1,6,Weekend
20210117,2021,1,1,7,Weekend
20210118,2021,1,1,1,Weekday
20210119,2021,1,1,2,Weekday
20210120,2021,1,1,3,Weekday
20210121,2021,1,1,4,Weekday
20210122,2021,1,1,5,Weekday
20210123,2021,1,1,6,Weekend
20210124,2021,1,1,7,Weekend
20210125,2021,1,1,1,Weekday
20210126,2021,1,1,2,Weekday
20210127,2021,1,1,3,Weekday
20210128,2021,1,1,4,Weekday
20210129,2021,1,1,5,Weekday
20210130,2021,1,1,6,Weekend
20210131,2021,1,1,7,Weekend
20210201,2021,2,1,1,Weekday
20210202,2021,2,1,2,Weekday
20210203,2021,2,1,3,Weekday
20210204,2021,2,1,4,Weekday
20210205,2021,2,1,5,Weekday
20210206,2021,2,1,6,Weekend
20210207,2021,2,1,7,Weekend
20210208,2021,2,1,1,Weekday
20210209,2021,2,1,2,Weekday
20210210,2021,2,1,3,Weekday
20210211,2021,2,1,4,Weekday
20210212,2021,2,1,5,Weekday
20210213,2021,2,1,6,Weekend
20210214,2021,2,1,7,Weekend
20210215,2021,2,1,1,Weekday
20210216,2021,2,1,2,Weekday
20210217,2021,2,1,3,Weekday
20210218,2021,2,1,4,Weekday
20210219,2021,2,1,5,Weekday
20210220,2021,2,1,6,Weekend
20210221,2021,2,1,7,Weekend
20210222,2021,2,1,1,Weekday
20210223,2021,2,1,2,Weekday
20210224,2021,2,1,3,Weekday
20210225,2021,2,1,4,Weekday
20210226,2021,2,1,5,Weekday
20210227,2021,2,1,6,Weekend
20210228,2021,2,1,7,Weekend
20210301,2021,3,1,1,Weekday
20210302,2021,3,1,2,Weekday
20210303,2021,3,1,3,Weekday
20210304,2021,3,1,4,Weekday
20210305,2021,3,1,5,Weekday
20210306,2021,3,1,6,Weekend
20210307,2021,3,1,7,Weekend
20210308,2021,3,1,1,Weekday
20210309,2021,3,1,2,Weekday
20210310,2021,3,1,3,Weekday
20210311,2021,3,1,4,Weekday
20210312,2021,3,1,5,Weekday
20210313,2021,3,1,6,Weekend
20210314,2021,3,1,7,Weekend
20210315,2021,3,1,1,Weekday
20210316,2021,3,1,2,Weekday
20210317,2021,3,1,3,Weekday
20210318,2021,3,1,4,Weekday
20210319,2021,3,1,5,Weekday
20210320,2021,3,1,6,Weekend
20210321,2021,3,1,7,Weekend
20210322,2021,3,1,1,Weekday
20210323,2021,3,1,2,Weekday
20210324,2021,3,1,3,Weekday
20210325,2021,3,1,4,Weekday
20210326,2021,3,1,5,Weekday
20210327,2021,3,1,6,Weekend
20210328,2021,3,1,7,Weekend
20210329,2021,3,1,1,Weekday
20210330,2021,3,1,2,Weekday
20210331,2021,3,1,3,Weekday
20210401,2021,4,2,4,Weekday
20210402,2021,4,2,5,Weekday
20210403,2021,4,2,6,Weekend
20210404,2021,4,2,7,Weekend
20210405,2021,4,2,1,Weekday
20210406,2021,4,2,2,Weekday
20210407,2021,4,2,3,Weekday
20210408,2021,4,2,4,Weekday
20210409,2021,4,2,5,Weekday
20210410,2021,4,2,6,Weekend
20210411,2021,4,2,7,Weekend
20210412,2021,4,2,1,Weekday
20210413,2021,4,2,2,Weekday
20210414,2021,4,2,3,Weekday
20210415,2021,4,2,4,Weekday
20210416,2021,4,2,5,Weekday
20210417,2021,4,2,6,Weekend
20210418,2021,4,2,7,Weekend
20210419,2021,4,2,1,Weekday
20210420,2021,4,2,2,Weekday
20210421,2021,4,2,3,Weekday
20210422,2021,4,2,4,Weekday
20210423,2021,4,2,5,Weekday
20210424,2021,4,2,6,Weekend
20210425,2021,4,2,7,Weekend
20210426,2021,4,2,1,Weekday
20210427,2021,4,2,2,Weekday
20210428,2021,4,2,3,Weekday
20210429,2021,4,2,4,Weekday
20210430,2021,4,2,5,Weekday
20210501,2021,5,2,6,Weekend
20210502,2021,5,2,7,Weekend
20210503,2021,5,2,1,Weekday
20210504,2021,5,2,2,Weekday
20210505,2021,5,2,3,Weekday
20210506,2021,5,2,4,Weekday
20210507,2021,5,2,5,Weekday
20210508,2021,5,2,6,Weekend
20210509,2021,5,2,7,Weekend
20210510,2021,5,2,1,Weekday
20210511,2021,5,2,2,Weekday
20210512,2021,5,2,3,Weekday
20210513,2021,5,2,4,Weekday
20210514,2021,5,2,5,Weekday
20210515,2021,5,2,6,Weekend
20210516,2021,5,2,7,Weekend
20210517,2021,5,2,1,Weekday
20210518,2021,5,2,2,Weekday
20210519,2021,5,2,3,Weekday
20210520,2021,5,2,4,Weekday
20210521,2021,5,2,5,Weekday
20210522,2021,5,2,6,Weekend
20210523,2021,5,2,7,Weekend
20210524,2021,5,2,1,Weekday
20210525,2021,5,2,2,Weekday
20210526,2021,5,2,3,Weekday
20210527,2021,5,2,4,Weekday
20210528,2021,5,2,5,Weekday
20210529,2021,5,2,6,Weekend
20210530,2021,5,2,7,Weekend
20210531,2021,5,2,1,Weekday
20210601,2021,6,2,2,Weekday
20210602,2021,6,2,3,Weekday
20210603,2021,6,2,4,Weekday
20210604,2021,6,2,5,Weekday
20210605,2021,6,2,6,Weekend
20210606,2021,6,2,7,Weekend
20210607,2021,6,2,1,Weekday
20210608,2021,6,2,2,Weekday
20210609,2021,6,2,3,Weekday
20210610,2021,6,2,4,Weekday
20210611,2021,6,2,5,Weekday
20210612,2021,6,2,6,Weekend
20210613,2021,6,2,7,Weekend
20210614,2021,6,2,1,Weekday
20210615,2021,6,2,2,Weekday
20210616,2021,6,2,3,Weekday
20210617,2021,6,2,4,Weekday
20210618,2021,6,2,5,Weekday
20210619,2021,6,2,6,Weekend
20210620,2021,6,2,7,Weekend
20210621,2021,6,2,1,Weekday
20210622,2021,6,2,2,Weekday
20210623,2021,6,2,3,Weekday
20210624,2021,6,2,4,Weekday
20210625,2021,6,2,5,Weekday
20210626,2021,6,2,6,Weekend
20210627,2021,6,2,7,Weekend
20210628,2021,6,2,1,Weekday
20210629,2021,6,2,2,Weekday
20210630,2021,6,2,3,Weekday
20210701,2021,7,3,4,Weekday
20210702,2021,7,3,5,Weekday
20210703,2021,7,3,6,Weekend
20210704,2021,7,3,7,Weekend
20210705,2021,7,3,1,Weekday
20210706,2021,7,3,2,Weekday
20210707,2021,7,3,3,Weekday
20210708,2021,7,3,4,Weekday
20210709,2021,7,3,5,Weekday
20210710,2021,7,3,6,Weekend
20210711,2021,7,3,7,Weekend
20210712,2021,7,3,1,Weekday
20210713,2021,7,3,2,Weekday
20210714,2021,7,3,3,Weekday
20210715,2021,7,3,4,Weekday
20210716,2021,7,3,5,Weekday
20210717,2021,7,3,6,Weekend
20210718,2021,7,3,7,Weekend
20210719,2021,7,3,1,Weekday
20210720,2021,7,3,2,Weekday
20210721,2021,7,3,3,Weekday
20210722,2021,7,3,4,Weekday
20210723,2021,7,3,5,Weekday
20210724,2021,7,3,6,Weekend
20210725,2021,7,3,7,Weekend
20210726,2021,7,3,1,Weekday
20210727,2021,7,3,2,Weekday
20210728,2021,7,3,3,Weekday
20210729,2021,7,3,4,Weekday
20210730,2021,7,3,5,Weekday
20210731,2021,7,3,6,Weekend
20210801,2021,8,3,7,Weekend
20210802,2021,8,3,1,Weekday
20210803,2021,8,3,2,Weekday
20210804,2021,8,3,3,Weekday
20210805,2021,8,3,4,Weekday
20210806,2021,8,3,5,Weekday
20210807,2021,8,3,6,Weekend
20210808,2021,8,3,7,Weekend
20210809,2021,8,3,1,Weekday
20210810,2021,8,3,2,Weekday
20210811,2021,8,3,3,Weekday
20210812,2021,8,3,4,Weekday
20210813,2021,8,3,5,Weekday
20210814,2021,8,3,6,Weekend
20210815,2021,8,3,7,Weekend
20210816,2021,8,3,1,Weekday
20210817,2021,8,3,2,Weekday
20210818,2021,8,3,3,Weekday
20210819,2021,8,3,4,Weekday
20210820,2021,8,3,5,Weekday
20210821,2021,8,3,6,Weekend
20210822,2021,8,3,7,Weekend
20210823,2021,8,3,1,Weekday
20210824,2021,8,3,2,Weekday
20210825,2021,8,3,3,Weekday
20210826,2021,8,3,4,Weekday
20210827,2021,8,3,5,Weekday
20210828,2021,8,3,6,Weekend
20210829,2021,8,3,7,Weekend
20210830,2021,8,3,1,Weekday
20210831,2021,8,3,2,Weekday
20210901,2021,9,3,3,Weekday
20210902,2021,9,3,4,Weekday
20210903,2021,9,3,5,Weekday
20210904,2021,9,3,6,Weekend
20210905,2021,9,3,7,Weekend
20210906,2021,9,3,1,Weekday
20210907,2021,9,3,2,Weekday
20210908,2021,9,3,3,Weekday
20210909,2021,9,3,4,Weekday
20210910,2021,9,3,5,Weekday
20210911,2021,9,3,6,Weekend
20210912,2021,9,3,7,Weekend
20210913,2021,9,3,1,Weekday
20210914,2021,9,3,2,Weekday
20210915,2021,9,3,3,Weekday
20210916,2021,9,3,4,Weekday
20210917,2021,9,3,5,Weekday
20210918,2021,9,3,6,Weekend
20210919,2021,9,3,7,Weekend
20210920,2021,9,3,1,Weekday
20210921,2021,9,3,2,Weekday
20210922,2021,9,3,3,Weekday
20210923,2021,9,3,4,Weekday
20210924,2021,9,3,5,Weekday
20210925,2021,9,3,6,Weekend
20210926,2021,9,3,7,Weekend
20210927,2021,9,3,1,Weekday
20210928,2021,9,3,2,Weekday
20210929,2021,9,3,3,Weekday
20210930,2021,9,3,4,Weekday
20211001,2021,10,4,5,Weekday
20211002,2021,10,4,6,Weekend
20211003,2021,10,4,7,Weekend
20211004,2021,10,4,1,Weekday
20211005,2021,10,4,2,Weekday
20211006,2021,10,4,3,Weekday
20211007,2021,10,4,4,Weekday
20211008,2021,10,4,5,Weekday
20211009,2021,10,4,6,Weekend
20211010,2021,10,4,7,Weekend
20211011,2021,10,4,1,Weekday
20211012,2021,10,4,2,Weekday
20211013,2021,10,4,3,Weekday
20211014,2021,10,4,4,Weekday
20211015,2021,10,4,5,Weekday
20211016,2021,10,4,6,Weekend
20211017,2021,10,4,7,Weekend
20211018,2021,10,4,1,Weekday
20211019,2021,10,4,2,Weekday
20211020,2021,10,4,3,Weekday
20211021,2021,10,4,4,Weekday
20211022,2021,10,4,5,Weekday
20211023,2021,10,4,6,Weekend
20211024,2021,10,4,7,Weekend
20211025,2021,10,4,1,Weekday
20211026,2021,10,4,2,Weekday
20211027,2021,10,4,3,Weekday
20211028,2021,10,4,4,Weekday
20211029,2021,10,4,5,Weekday
20211030,2021,10,4,6,Weekend
20211031,2021,10,4,7,Weekend
20211101,2021,11,4,1,Weekday
20211102,2021,11,4,2,Weekday
20211103,2021,11,4,3,Weekday
20211104,2021,11,4,4,Weekday
20211105,2021,11,4,5,Weekday
20211106,2021,11,4,6,Weekend
20211107,2021,11,4,7,Weekend
20211108,2021,11,4,1,Weekday
20211109,2021,11,4,2,Weekday
20211110,2021,11,4,3,Weekday
20211111,2021,11,4,4,Weekday
20211112,2021,11,4,5,Weekday
20211113,2021,11,4,6,Weekend
20211114,2021,11,4,7,Weekend
20211115,2021,11,4,1,Weekday
20211116,2021,11,4,2,Weekday
20211117,2021,11,4,3,Weekday
20211118,2021,11,4,4,Weekday
20211119,2021,11,4,5,Weekday
20211120,2021,11,4,6,Weekend
20211121,2021,11,4,7,Weekend
20211122,2021,11,4,1,Weekday
20211123,2021,11,4,2,Weekday
20211124,2021,11,4,3,Weekday
20211125,2021,11,4,4,Weekday
20211126,2021,11,4,5,Weekday
20211127,2021,11,4,6,Weekend
20211128,2021,11,4,7,Weekend
20211129,2021,11,4,1,Weekday
20211130,2021,11,4,2,Weekday
20211201,2021,12,4,3,Weekday
20211202,2021,12,4,4,Weekday
20211203,2021,12,4,5,Weekday
20211204,2021,12,4,6,Weekend
20211205,2021,12,4,7,Weekend
20211206,2021,12,4,1,Weekday
20211207,2021,12,4,2,Weekday
20211208,2021,12,4,3,Weekday
20211209,2021,12,4,4,Weekday
20211210,2021,12,4,5,Weekday
20211211,2021,12,4,6,Weekend
20211212,2021,12,4,7,Weekend
20211213,2021,12,4,1,Weekday
20211214,2021,12,4,2,Weekday
20211215,2021,12,4,3,Weekday
20211216,2021,12,4,4,Weekday
20211217,2021,12,4,5,Weekday
20211218,2021,12,4,6,Weekend
20211219,2021,12,4,7,Weekend
20211220,2021,12,4,1,Weekday
20211221,2021,12,4,2,Weekday
20211222,2021,12,4,3,Weekday
20211223,2021,12,4,4,Weekday
20211224,2021,12,4,5,Weekday
20211225,2021,12,4,6,Weekend
20211226,2021,12,4,7,Weekend
20211227,2021,12,4,1,Weekday
20211228,2021,12,4,2,Weekday
20211229,2021,12,4,3,Weekday
20211230,2021,12,4,4,Weekday
20211231,2021,12,4,5,Weekday
20220101,2022,1,1,6,Weekend
20220102,2022,1,1,7,Weekend
20220103,2022,1,1,1,Weekday
20220104,2022,1,1,2,Weekday
20220105,2022,1,1,3,Weekday
20220106,2022,1,1,4,Weekday
20220107,2022,1,1,5,Weekday
20220108,2022,1,1,6,Weekend
20220109,2022,1,1,7,Weekend
20220110,2022,1,1,1,Weekday
20220111,2022,1,1,2,Weekday
20220112,2022,1,1,3,Weekday
20220113,2022,1,1,4,Weekday
20220114,2022,1,1,5,Weekday
20220115,2022,1,1,6,Weekend
20220116,2022,1,1,7,Weekend
20220117,2022,1,1,1,Weekday
20220118,2022,1,1,2,Weekday
20220119,2022,1,1,3,Weekday
20220120,2022,1,1,4,Weekday
20220121,2022,1,1,5,Weekday
20220122,2022,1,1,6,Weekend
20220123,2022,1,1,7,Weekend
20220124,2022,1,1,1,Weekday
20220125,2022,1,1,2,Weekday
20220126,2022,1,1,3,Weekday
20220127,2022,1,1,4,Weekday
20220128,2022,1,1,5,Weekday
20220129,2022,1,1,6,Weekend
20220130,2022,1,1,7,Weekend
20220131,2022,1,1,1,Weekday
20220201,2022,2,1,2,Weekday
20220202,2022,2,1,3,Weekday
20220203,2022,2,1,4,Weekday
20220204,2022,2,1,5,Weekday
20220205,2022,2,1,6,Weekend
20220206,2022,2,1,7,Weekend
20220207,2022,2,1,1,Weekday
20220208,2022,2,1,2,Weekday
20220209,2022,2,1,3,Weekday
20220210,2022,2,1,4,Weekday
20220211,2022,2,1,5,Weekday
20220212,2022,2,1,6,Weekend
20220213,2022,2,1,7,Weekend
20220214,2022,2,1,1,Weekday
20220215,2022,2,1,2,Weekday
20220216,2022,2,1,3,Weekday
20220217,2022,2,1,4,Weekday
20220218,2022,2,1,5,Weekday
20220219,2022,2,1,6,Weekend
20220220,2022,2,1,7,Weekend
20220221,2022,2,1,1,Weekday
20220222,2022,2,1,2,Weekday
20220223,2022,2,1,3,Weekday
20220224,2022,2,1,4,Weekday
20220225,2022,2,1,5,Weekday
20220226,2022,2,1,6,Weekend
20220227,2022,2,1,7,Weekend
20220228,2022,2,1,1,Weekday
20220301,2022,3,1,2,Weekday
20220302,2022,3,1,3,Weekday
20220303,2022,3,1,4,Weekday
20220304,2022,3,1,5,Weekday
20220305,2022,3,1,6,Weekend
20220306,2022,3,1,7,Weekend
20220307,2022,3,1,1,Weekday
20220308,2022,3,1,2,Weekday
20220309,2022,3,1,3,Weekday
20220310,2022,3,1,4,Weekday
20220311,2022,3,1,5,Weekday
20220312,2022,3,1,6,Weekend
20220313,2022,3,1,7,Weekend
20220314,2022,3,1,1,Weekday
20220315,2022,3,1,2,Weekday
20220316,2022,3,1,3,Weekday
20220317,2022,3,1,4,Weekday
20220318,2022,3,1,5,Weekday
20220319,2022,3,1,6,Weekend
20220320,2022,3,1,7,Weekend
20220321,2022,3,1,1,Weekday
20220322,2022,3,1,2,Weekday
20220323,2022,3,1,3,Weekday
20220324,2022,3,1,4,Weekday
20220325,2022,3,1,5,Weekday
20220326,2022,3,1,6,Weekend
20220327,2022,3,1,7,Weekend
20220328,2022,3,1,1,Weekday
20220329,2022,3,1,2,Weekday
20220330,2022,3,1,3,Weekday
20220331,2022,3,1,4,Weekday
20220401,2022,4,2,5,Weekday
20220402,2022,4,2,6,Weekend
20220403,2022,4,2,7,Weekend
20220404,2022,4,2,1,Weekday
20220405,2022,4,2,2,Weekday
20220406,2022,4,2,3,Weekday
20220407,2022,4,2,4,Weekday
20220408,2022,4,2,5,Weekday
20220409,2022,4,2,6,Weekend
20220410,2022,4,2,7,Weekend
20220411,2022,4,2,1,Weekday
20220412,2022,4,2,2,Weekday
20220413,2022,4,2,3,Weekday
20220414,2022,4,2,4,Weekday
20220415,2022,4,2,5,Weekday
20220416,2022,4,2,6,Weekend
20220417,2022,4,2,7,Weekend
20220418,2022,4,2,1,Weekday
20220419,2022,4,2,2,Weekday
20220420,2022,4,2,3,Weekday
20220421,2022,4,2,4,Weekday
20220422,2022,4,2,5,Weekday
20220423,2022,4,2,6,Weekend
20220424,2022,4,2,7,Weekend
20220425,2022,4,2,1,Weekday
20220426,2022,4,2,2,Weekday
20220427,2022,4,2,3,Weekday
20220428,2022,4,2,4,Weekday
20220429,2022,4,2,5,Weekday
20220430,2022,4,2,6,Weekend
20220501,2022,5,2,7,Weekend
20220502,2022,5,2,1,Weekday
20220503,2022,5,2,2,Weekday
20220504,2022,5,2,3,Weekday
20220505,2022,5,2,4,Weekday
20220506,2022,5,2,5,Weekday
20220507,2022,5,2,6,Weekend
20220508,2022,5,2,7,Weekend
20220509,2022,5,2,1,Weekday
20220510,2022,5,2,2,Weekday
20220511,2022,5,2,3,Weekday
20220512,2022,5,2,4,Weekday
20220513,2022,5,2,5,Weekday
20220514,2022,5,2,6,Weekend
20220515,2022,5,2,7,Weekend
20220516,2022,5,2,1,Weekday
20220517,2022,5,2,2,Weekday
20220518,2022,5,2,3,Weekday
20220519,2022,5,2,4,Weekday
20220520,2022,5,2,5,Weekday
20220521,2022,5,2,6,Weekend
20220522,2022,5,2,7,Weekend
20220523,2022,5,2,1,Weekday
20220524,2022,5,2,2,Weekday
20220525,2022,5,2,3,Weekday
20220526,2022,5,2,4,Weekday
20220527,2022,5,2,5,Weekday
20220528,2022,5,2,6,Weekend
20220529,2022,5,2,7,Weekend
20220530,2022,5,2,1,Weekday
20220531,2022,5,2,2,Weekday
20220601,2022,6,2,3,Weekday
20220602,2022,6,2,4,Weekday
20220603,2022,6,2,5,Weekday
20220604,2022,6,2,6,Weekend
20220605,2022,6,2,7,Weekend
20220606,2022,6,2,1,Weekday
20220607,2022,6,2,2,Weekday
20220608,2022,6,2,3,Weekday
20220609,2022,6,2,4,Weekday
20220610,2022,6,2,5,Weekday
20220611,2022,6,2,6,Weekend
20220612,2022,6,2,7,Weekend
20220613,2022,6,2,1,Weekday
20220614,2022,6,2,2,Weekday
20220615,2022,6,2,3,Weekday
20220616,2022,6,2,4,Weekday
20220617,2022,6,2,5,Weekday
20220618,2022,6,2,6,Weekend
20220619,2022,6,2,7,Weekend
20220620,2022,6,2,1,Weekday
20220621,2022,6,2,2,Weekday
20220622,2022,6,2,3,Weekday
20220623,2022,6,2,4,Weekday
20220624,2022,6,2,5,Weekday
20220625,2022,6,2,6,Weekend
20220626,2022,6,2,7,Weekend
20220627,2022,6,2,1,Weekday
20220628,2022,6,2,2,Weekday
20220629,2022,6,2,3,Weekday
20220630,2022,6,2,4,Weekday
20220701,2022,7,3,5,Weekday
20220702,2022,7,3,6,Weekend
20220703,2022,7,3,7,Weekend
20220704,2022,7,3,1,Weekday
20220705,2022,7,3,2,Weekday
20220706,2022,7,3,3,Weekday
20220707,2022,7,3,4,Weekday
20220708,2022,7,3,5,Weekday
20220709,2022,7,3,6,Weekend
20220710,2022,7,3,7,Weekend
20220711,2022,7,3,1,Weekday
20220712,2022,7,3,2,Weekday
20220713,2022,7,3,3,Weekday
20220714,2022,7,3,4,Weekday
20220715,2022,7,3,5,Weekday
20220716,2022,7,3,6,Weekend
20220717,2022,7,3,7,Weekend
20220718,2022,7,3,1,Weekday
20220719,2022,7,3,2,Weekday
20220720,2022,7,3,3,Weekday
20220721,2022,7,3,4,Weekday
20220722,2022,7,3,5,Weekday
20220723,2022,7,3,6,Weekend
20220724,2022,7,3,7,Weekend
20220725,2022,7,3,1,Weekday
20220726,2022,7,3,2,Weekday
20220727,2022,7,3,3,Weekday
20220728,2022,7,3,4,Weekday
20220729,2022,7,3,5,Weekday
20220730,2022,7,3,6,Weekend
20220731,2022,7,3,7,Weekend
20220801,2022,8,3,1,Weekday
20220802,2022,8,3,2,Weekday
20220803,2022,8,3,3,Weekday
20220804,2022,8,3,4,Weekday
20220805,2022,8,3,5,Weekday
20220806,2022,8,3,6,Weekend
20220807,2022,8,3,7,Weekend
20220808,2022,8,3,1,Weekday
20220809,2022,8,3,2,Weekday
20220810,2022,8,3,3,Weekday
20220811,2022,8,3,4,Weekday
20220812,2022,8,3,5,Weekday
20220813,2022,8,3,6,Weekend
20220814,2022,8,3,7,Weekend
20220815,2022,8,3,1,Weekday
20220816,2022,8,3,2,Weekday
20220817,2022,8,3,3,Weekday
20220818,2022,8,3,4,Weekday
20220819,2022,8,3,5,Weekday
20220820,2022,8,3,6,Weekend
20220821,2022,8,3,7,Weekend
20220822,2022,8,3,1,Weekday
20220823,2022,8,3,2,Weekday
20220824,2022,8,3,3,Weekday
20220825,2022,8,3,4,Weekday
20220826,2022,8,3,5,Weekday
20220827,2022,8,3,6,Weekend
20220828,2022,8,3,7,Weekend
20220829,2022,8,3,1,Weekday
20220830,2022,8,3,2,Weekday
20220831,2022,8,3,3,Weekday
20220901,2022,9,3,4,Weekday
20220902,2022,9,3,5,Weekday
20220903,2022,9,3,6,Weekend
20220904,2022,9,3,7,Weekend
20220905,2022,9,3,1,Weekday
20220906,2022,9,3,2,Weekday
20220907,2022,9,3,3,Weekday
20220908,2022,9,3,4,Weekday
20220909,2022,9,3,5,Weekday
20220910,2022,9,3,6,Weekend
20220911,2022,9,3,7,Weekend
20220912,2022,9,3,1,Weekday
20220913,2022,9,3,2,Weekday
20220914,2022,9,3,3,Weekday
20220915,2022,9,3,4,Weekday
20220916,2022,9,3,5,Weekday
20220917,2022,9,3,6,Weekend
20220918,2022,9,3,7,Weekend
20220919,2022,9,3,1,Weekday
20220920,2022,9,3,2,Weekday
20220921,2022,9,3,3,Weekday
20220922,2022,9,3,4,Weekday
20220923,2022,9,3,5,Weekday
20220924,2022,9,3,6,Weekend
20220925,2022,9,3,7,Weekend
20220926,2022,9,3,1,Weekday
20220927,2022,9,3,2,Weekday
20220928,2022,9,3,3,Weekday
20220929,2022,9,3,4,Weekday
20220930,2022,9,3,5,Weekday
20221001,2022,10,4,6,Weekend
20221002,2022,10,4,7,Weekend
20221003,2022,10,4,1,Weekday
20221004,2022,10,4,2,Weekday
20221005,2022,10,4,3,Weekday
20221006,2022,10,4,4,Weekday
20221007,2022,10,4,5,Weekday
20221008,2022,10,4,6,Weekend
20221009,2022,10,4,7,Weekend
20221010,2022,10,4,1,Weekday
20221011,2022,10,4,2,Weekday
20221012,2022,10,4,3,Weekday
20221013,2022,10,4,4,Weekday
20221014,2022,10,4,5,Weekday
20221015,2022,10,4,6,Weekend
20221016,2022,10,4,7,Weekend
20221017,2022,10,4,1,Weekday
20221018,2022,10,4,2,Weekday
20221019,2022,10,4,3,Weekday
20221020,2022,10,4,4,Weekday
20221021,2022,10,4,5,Weekday
20221022,2022,10,4,6,Weekend
20221023,2022,10,4,7,Weekend
20221024,2022,10,4,1,Weekday
20221025,2022,10,4,2,Weekday
20221026,2022,10,4,3,Weekday
20221027,2022,10,4,4,Weekday
20221028,2022,10,4,5,Weekday
20221029,2022,10,4,6,Weekend
20221030,2022,10,4,7,Weekend
20221031,2022,10,4,1,Weekday
20221101,2022,11,4,2,Weekday
20221102,2022,11,4,3,Weekday
20221103,2022,11,4,4,Weekday
20221104,2022,11,4,5,Weekday
20221105,2022,11,4,6,Weekend
20221106,2022,11,4,7,Weekend
20221107,2022,11,4,1,Weekday
20221108,2022,11,4,2,Weekday
20221109,2022,11,4,3,Weekday
20221110,2022,11,4,4,Weekday
20221111,2022,11,4,5,Weekday
20221112,2022,11,4,6,Weekend
20221113,2022,11,4,7,Weekend
20221114,2022,11,4,1,Weekday
20221115,2022,11,4,2,Weekday
20221116,2022,11,4,3,Weekday
20221117,2022,11,4,4,Weekday
20221118,2022,11,4,5,Weekday
20221119,2022,11,4,6,Weekend
20221120,2022,11,4,7,Weekend
20221121,2022,11,4,1,Weekday
20221122,2022,11,4,2,Weekday
20221123,2022,11,4,3,Weekday
20221124,2022,11,4,4,Weekday
20221125,2022,11,4,5,Weekday
20221126,2022,11,4,6,Weekend
20221127,2022,11,4,7,Weekend
20221128,2022,11,4,1,Weekday
20221129,2022,11,4,2,Weekday
20221130,2022,11,4,3,Weekday
20221201,2022,12,4,4,Weekday
20221202,2022,12,4,5,Weekday
20221203,2022,12,4,6,Weekend
20221204,2022,12,4,7,Weekend
20221205,2022,12,4,1,Weekday
20221206,2022,12,4,2,Weekday
20221207,2022,12,4,3,Weekday
20221208,2022,12,4,4,Weekday
20221209,2022,12,4,5,Weekday
20221210,2022,12,4,6,Weekend
20221211,2022,12,4,7,Weekend
20221212,2022,12,4,1,Weekday
20221213,2022,12,4,2,Weekday
20221214,2022,12,4,3,Weekday
20221215,2022,12,4,4,Weekday
20221216,2022,12,4,5,Weekday
20221217,2022,12,4,6,Weekend
20221218,2022,12,4,7,Weekend
20221219,2022,12,4,1,Weekday
20221220,2022,12,4,2,Weekday
20221221,2022,12,4,3,Weekday
20221222,2022,12,4,4,Weekday
20221223,2022,12,4,5,Weekday
20221224,2022,12,4,6,Weekend
20221225,2022,12,4,7,Weekend
20221226,2022,12,4,1,Weekday
20221227,2022,12,4,2,Weekday
20221228,2022,12,4,3,Weekday
20221229,2022,12,4,4,Weekday
20221230,2022,12,4,5,Weekday
20221231,2022,12,4,6,Weekend
20230101,2023,1,1,7,Weekend
20230102,2023,1,1,1,Weekday
20230103,2023,1,1,2,Weekday
20230104,2023,1,1,3,Weekday
20230105,2023,1,1,4,Weekday
20230106,2023,1,1,5,Weekday
20230107,2023,1,1,6,Weekend
20230108,2023,1,1,7,Weekend
20230109,2023,1,1,1,Weekday
20230110,2023,1,1,2,Weekday
20230111,2023,1,1,3,Weekday
20230112,2023,1,1,4,Weekday
20230113,2023,1,1,5,Weekday
20230114,2023,1,1,6,Weekend
20230115,2023,1,1,7,Weekend
20230116,2023,1,1,1,Weekday
20230117,2023,1,1,2,Weekday
20230118,2023,1,1,3,Weekday
20230119,2023,1,1,4,Weekday
20230120,2023,1,1,5,Weekday
20230121,2023,1,1,6,Weekend
20230122,2023,1,1,7,Weekend
20230123,2023,1,1,1,Weekday
20230124,2023,1,1,2,Weekday
20230125,2023,1,1,3,Weekday
20230126,2023,1,1,4,Weekday
20230127,2023,1,1,5,Weekday
20230128,2023,1,1,6,Weekend
20230129,2023,1,1,7,Weekend
20230130,2023,1,1,1,Weekday
20230131,2023,1,1,2,Weekday
99990101,9999,1,1,1,Unknown
